method,optimizer,architecture,dataset,horizon,mse,mse_ci,nll,nll_ci,coverage95,coverage95_ci,interval_width,interval_width_ci,test_count,configuration_id,parameter_count,proper,status,selected,selection_mean_nll,selection_mean_mse,source_provenance
Precision-gated ensemble,NGMP,affine independent-expert,ETTh1,96,0.24337451139445895,0.025979723250601945,0.8223963118854796,0.09694146281563953,0.827536231884058,0.028188112085664196,1.4355524788331369,0.0009929722215342672,690,linear2_ngmp,476,true,ok,false,0.8428948220247631,0.2549352663886819,paper_materials/etth_precision_gated/raw_linear2/selection/ETTh1_h96_linear2_ngmp.jls
Precision-gated ensemble,NGMP,affine independent-expert,ETTh1,192,0.2817018275946982,0.025881150909100134,0.9692266087233751,0.09722975901061512,0.7725947521865889,0.03136621763116965,1.4302700781937743,0.00017713223705218605,686,linear2_ngmp,476,true,ok,false,0.8428948220247631,0.2549352663886819,paper_materials/etth_precision_gated/raw_linear2/selection/ETTh1_h192_linear2_ngmp.jls
Precision-gated ensemble,NGMP,affine independent-expert,ETTh1,336,0.23944783522667323,0.01656225189744451,0.7954716597267094,0.05982819102705341,0.8970588235294118,0.022840134628181914,1.4578920269913058,0.0003325675376608923,680,linear2_ngmp,476,true,ok,false,0.8428948220247631,0.2549352663886819,paper_materials/etth_precision_gated/raw_linear2/selection/ETTh1_h336_linear2_ngmp.jls
Precision-gated ensemble,NGMP,affine independent-expert,ETTh1,720,0.2552168913388973,0.026815930336787874,0.7844847077634882,0.07917800151274296,0.8646616541353384,0.0259998474683174,1.6117444726064951,0.0023712386406178148,665,linear2_ngmp,476,true,ok,false,0.8428948220247631,0.2549352663886819,paper_materials/etth_precision_gated/raw_linear2/selection/ETTh1_h720_linear2_ngmp.jls
Precision-gated ensemble,NGMP,consensus-x depth-2 linear_all,ETTh1,96,0.14128470713648997,0.01757453293536107,0.44954618223948944,0.07504937136020366,0.881159420289855,0.024145331409875983,1.3424296507374365,0.0005800766986811067,690,consensus_linear_all_g1p5_no_beta,911,true,ok,false,0.6263443165455325,0.1965227401989891,paper_materials/etth_precision_gated/raw_consensus/selection_etth1_h96/linear_all_L2_nobeta_scalar__consensus_linear_all_g1p5_no_beta_tx.jld2
Precision-gated ensemble,NGMP,consensus-x depth-2 linear_all,ETTh1,192,0.25489913870407016,0.024086084827065687,0.8181667580212897,0.07882208637870244,0.8250728862973761,0.02842894583690546,1.5344735568742502,0.0011535525298737024,686,consensus_linear_all_g1p5_no_beta,911,true,ok,false,0.6263443165455325,0.1965227401989891,paper_materials/etth_precision_gated/raw_consensus/selection_etth1_h192/linear_all_L2_nobeta_scalar__consensus_linear_all_g1p5_no_beta_tx.jld2
Precision-gated ensemble,NGMP,consensus-x depth-2 linear_all,ETTh1,336,0.21293908129930042,0.01461236771901536,0.6486125821260456,0.03856668132616515,0.9779411764705882,0.011039290808718624,1.7036311651523888,0.0011682980862010364,680,consensus_linear_all_g1p5_no_beta,911,true,ok,false,0.6263443165455325,0.1965227401989891,paper_materials/etth_precision_gated/raw_consensus/selection_etth1_h336/linear_all_L2_nobeta_scalar__consensus_linear_all_g1p5_no_beta_tx.jld2
Precision-gated ensemble,NGMP,consensus-x depth-2 linear_all,ETTh1,720,0.1769680336560959,0.021837511294357608,0.5890517437953053,0.04205190729763233,0.9729323308270676,0.012334002040864234,2.0039452770698274,0.001394168974031358,665,consensus_linear_all_g1p5_no_beta,911,true,ok,false,0.6263443165455325,0.1965227401989891,paper_materials/etth_precision_gated/raw_consensus/selection_etth1_h720/linear_all_L2_nobeta_scalar__consensus_linear_all_g1p5_no_beta_tx.jld2
Precision-gated ensemble,NGMP,consensus-x depth-2 linear_all,ETTh1,96,0.15463008789820928,0.01945628453050819,0.4940963978498356,0.07528479947919449,0.8782608695652174,0.024397785570918644,1.4093051147655544,0.00014484776348410843,690,consensus_linear_all_g1p5_beta_rate_1,918,true,ok,false,0.6880404580602584,0.2254671261621999,paper_materials/etth_precision_gated/raw_consensus/selection_etth1_h96/linear_all_L2_beta_scalar__consensus_linear_all_g1p5_beta_rate_1_tx.jld2
Precision-gated ensemble,NGMP,consensus-x depth-2 linear_all,ETTh1,192,0.27211879875556494,0.025445249569742902,0.8370300919268968,0.07558234059473426,0.8367346938775511,0.02765838865286662,1.6085989700891432,0.00020147970058718333,686,consensus_linear_all_g1p5_beta_rate_1,918,true,ok,false,0.6880404580602584,0.2254671261621999,paper_materials/etth_precision_gated/raw_consensus/selection_etth1_h192/linear_all_L2_beta_scalar__consensus_linear_all_g1p5_beta_rate_1_tx.jld2
Precision-gated ensemble,NGMP,consensus-x depth-2 linear_all,ETTh1,336,0.22104783513058893,0.014890302469878386,0.6668039108277543,0.03734376512410335,0.9823529411764705,0.009896088630338333,1.7494045421644824,0.0002418692957673747,680,consensus_linear_all_g1p5_beta_rate_1,918,true,ok,false,0.6880404580602584,0.2254671261621999,paper_materials/etth_precision_gated/raw_consensus/selection_etth1_h336/linear_all_L2_beta_scalar__consensus_linear_all_g1p5_beta_rate_1_tx.jld2
Precision-gated ensemble,NGMP,consensus-x depth-2 linear_all,ETTh1,720,0.25407178286443655,0.027169343031413645,0.7542314316365467,0.03976970477928351,0.9759398496240601,0.011646567894866684,2.2918795716833453,0.0001926393042439934,665,consensus_linear_all_g1p5_beta_rate_1,918,true,ok,false,0.6880404580602584,0.2254671261621999,paper_materials/etth_precision_gated/raw_consensus/selection_etth1_h720/linear_all_L2_beta_scalar__consensus_linear_all_g1p5_beta_rate_1_tx.jld2
Precision-gated ensemble,NGMP,consensus-x depth-2 linear_all,ETTh1,96,0.16170414242089498,0.02031842566469305,0.5210501756262685,0.07836379734737768,0.8768115942028986,0.024522322806900303,1.4116145551661425,0.00014967018016928904,690,consensus_linear_all_g1p5_beta_rate_1000,918,true,ok,false,0.7405404663609985,0.2521449791262916,paper_materials/etth_precision_gated/raw_consensus/selection_etth1_h96/linear_all_L2_beta_scalar__consensus_linear_all_g1p5_beta_rate_1000_tx.jld2
Precision-gated ensemble,NGMP,consensus-x depth-2 linear_all,ETTh1,192,0.2888321941312441,0.026607488803063163,0.8786250767441857,0.07723846820207315,0.8279883381924198,0.028240806099729877,1.6271937921287658,0.0001893851733360126,686,consensus_linear_all_g1p5_beta_rate_1000,918,true,ok,false,0.7405404663609985,0.2521449791262916,paper_materials/etth_precision_gated/raw_consensus/selection_etth1_h192/linear_all_L2_beta_scalar__consensus_linear_all_g1p5_beta_rate_1000_tx.jld2
Precision-gated ensemble,NGMP,consensus-x depth-2 linear_all,ETTh1,336,0.2378592045337315,0.016040837840094913,0.7071621334336916,0.03943453599222113,0.9720588235294118,0.01238688918023543,1.7669614352275604,0.00023431274686558677,680,consensus_linear_all_g1p5_beta_rate_1000,918,true,ok,false,0.7405404663609985,0.2521449791262916,paper_materials/etth_precision_gated/raw_consensus/selection_etth1_h336/linear_all_L2_beta_scalar__consensus_linear_all_g1p5_beta_rate_1000_tx.jld2
Precision-gated ensemble,NGMP,consensus-x depth-2 linear_all,ETTh1,720,0.3201843754192957,0.030725428612037416,0.8553244796398481,0.041297668346469765,0.9729323308270676,0.012334002040864234,2.3918097254718966,0.0002088892070783952,665,consensus_linear_all_g1p5_beta_rate_1000,918,true,ok,false,0.7405404663609985,0.2521449791262916,paper_materials/etth_precision_gated/raw_consensus/selection_etth1_h720/linear_all_L2_beta_scalar__consensus_linear_all_g1p5_beta_rate_1000_tx.jld2
Precision-gated ensemble,NGMP,consensus-x depth-2 linear_all,ETTh1,96,0.14087089026628508,0.017498363788444625,0.4474391028506863,0.07446546025574917,0.881159420289855,0.024145331409875983,1.3449108448081333,0.0006262048807753252,690,consensus_linear_all_g3p0_no_beta,911,true,ok,false,0.6169346378476765,0.19287504471268763,paper_materials/etth_precision_gated/raw_consensus/selection_etth1_h96/linear_all_L2_nobeta_scalar__consensus_linear_all_g3p0_no_beta_tx.jld2
Precision-gated ensemble,NGMP,consensus-x depth-2 linear_all,ETTh1,192,0.2505533261888289,0.023719067132268637,0.8079224148155806,0.07850390352877369,0.826530612244898,0.028335242096132793,1.525973643495,0.0012454327571348887,686,consensus_linear_all_g3p0_no_beta,911,true,ok,false,0.6169346378476765,0.19287504471268763,paper_materials/etth_precision_gated/raw_consensus/selection_etth1_h192/linear_all_L2_nobeta_scalar__consensus_linear_all_g3p0_no_beta_tx.jld2
Precision-gated ensemble,NGMP,consensus-x depth-2 linear_all,ETTh1,336,0.2084398466468506,0.014274831817267184,0.6372099752145405,0.03801235698641295,0.9823529411764705,0.009896088630338333,1.6961350187719983,0.0012433188920155354,680,consensus_linear_all_g3p0_no_beta,911,true,ok,false,0.6169346378476765,0.19287504471268763,paper_materials/etth_precision_gated/raw_consensus/selection_etth1_h336/linear_all_L2_nobeta_scalar__consensus_linear_all_g3p0_no_beta_tx.jld2
Precision-gated ensemble,NGMP,consensus-x depth-2 linear_all,ETTh1,720,0.17163611574878584,0.021261230334932685,0.5751670585098988,0.041799375184537364,0.9729323308270676,0.012334002040864234,1.9830430205462357,0.0013912164726109545,665,consensus_linear_all_g3p0_no_beta,911,true,ok,false,0.6169346378476765,0.19287504471268763,paper_materials/etth_precision_gated/raw_consensus/selection_etth1_h720/linear_all_L2_nobeta_scalar__consensus_linear_all_g3p0_no_beta_tx.jld2
Precision-gated ensemble,NGMP,consensus-x depth-2 linear_all,ETTh1,96,0.15481728186244365,0.01948343333946707,0.4940863557873391,0.0748187150008373,0.8782608695652174,0.024397785570918644,1.4146928269969936,0.0001493160829260556,690,consensus_linear_all_g3p0_beta_rate_1,918,true,ok,false,0.68389502810726,0.22371592579678462,paper_materials/etth_precision_gated/raw_consensus/selection_etth1_h96/linear_all_L2_beta_scalar__consensus_linear_all_g3p0_beta_rate_1_tx.jld2
Precision-gated ensemble,NGMP,consensus-x depth-2 linear_all,ETTh1,192,0.2694979143510353,0.025252869249274893,0.8298254463991765,0.07514983162529426,0.8411078717201166,0.027356660008803102,1.6071193467087483,0.00021214980519128796,686,consensus_linear_all_g3p0_beta_rate_1,918,true,ok,false,0.68389502810726,0.22371592579678462,paper_materials/etth_precision_gated/raw_consensus/selection_etth1_h192/linear_all_L2_beta_scalar__consensus_linear_all_g3p0_beta_rate_1_tx.jld2
Precision-gated ensemble,NGMP,consensus-x depth-2 linear_all,ETTh1,336,0.2181743824382875,0.014691410119717939,0.6598030475956119,0.037007496054276834,0.9838235294117647,0.0094818727671033,1.7455170725199487,0.000256138540204025,680,consensus_linear_all_g3p0_beta_rate_1,918,true,ok,false,0.68389502810726,0.22371592579678462,paper_materials/etth_precision_gated/raw_consensus/selection_etth1_h336/linear_all_L2_beta_scalar__consensus_linear_all_g3p0_beta_rate_1_tx.jld2
Precision-gated ensemble,NGMP,consensus-x depth-2 linear_all,ETTh1,720,0.25237412453537206,0.027072171632579477,0.7518652626469124,0.03958750300841102,0.9759398496240601,0.011646567894866684,2.293010497830157,0.00019413120736910933,665,consensus_linear_all_g3p0_beta_rate_1,918,true,ok,false,0.68389502810726,0.22371592579678462,paper_materials/etth_precision_gated/raw_consensus/selection_etth1_h720/linear_all_L2_beta_scalar__consensus_linear_all_g3p0_beta_rate_1_tx.jld2
Precision-gated ensemble,NGMP,consensus-x depth-2 linear_all,ETTh1,96,0.16154484572008695,0.020302868789781384,0.5199698521535483,0.07800402682577388,0.8782608695652174,0.024397785570918644,1.4143450975710754,0.0001545842482007644,690,consensus_linear_all_g3p0_beta_rate_1000,918,true,ok,false,0.7345844854051743,0.24934171052742782,paper_materials/etth_precision_gated/raw_consensus/selection_etth1_h96/linear_all_L2_beta_scalar__consensus_linear_all_g3p0_beta_rate_1000_tx.jld2
Precision-gated ensemble,NGMP,consensus-x depth-2 linear_all,ETTh1,192,0.2854882246160594,0.026382939862118746,0.870539096988382,0.07695541598543645,0.8279883381924198,0.028240806099729877,1.6233028460274033,0.0002014622054795553,686,consensus_linear_all_g3p0_beta_rate_1000,918,true,ok,false,0.7345844854051743,0.24934171052742782,paper_materials/etth_precision_gated/raw_consensus/selection_etth1_h192/linear_all_L2_beta_scalar__consensus_linear_all_g3p0_beta_rate_1000_tx.jld2
Precision-gated ensemble,NGMP,consensus-x depth-2 linear_all,ETTh1,336,0.23359190692044884,0.01577010739323217,0.6974827792069923,0.039182869974575346,0.975,0.01173453668064659,1.757548166484714,0.0002515363034683122,680,consensus_linear_all_g3p0_beta_rate_1000,918,true,ok,false,0.7345844854051743,0.24934171052742782,paper_materials/etth_precision_gated/raw_consensus/selection_etth1_h336/linear_all_L2_beta_scalar__consensus_linear_all_g3p0_beta_rate_1000_tx.jld2
Precision-gated ensemble,NGMP,consensus-x depth-2 linear_all,ETTh1,720,0.316741864853116,0.03056996331215169,0.8503462132717746,0.04128342138928992,0.9729323308270676,0.012334002040864234,2.3861464551228457,0.00021203613278082917,665,consensus_linear_all_g3p0_beta_rate_1000,918,true,ok,false,0.7345844854051743,0.24934171052742782,paper_materials/etth_precision_gated/raw_consensus/selection_etth1_h720/linear_all_L2_beta_scalar__consensus_linear_all_g3p0_beta_rate_1000_tx.jld2
Precision-gated ensemble,NGMP,consensus-x depth-2 linear_all,ETTh1,96,0.1408526237370224,0.01749257711307701,0.44735689865989986,0.07443041346355705,0.881159420289855,0.024145331409875983,1.3450109918425446,0.0006185357616679075,690,consensus_linear_all_g5p0_no_beta,911,false,ok,false,,,paper_materials/etth_precision_gated/raw_consensus/selection_etth1_h96/linear_all_L2_nobeta_scalar__consensus_linear_all_g5p0_no_beta_tx.jld2
Precision-gated ensemble,NGMP,consensus-x depth-2 linear_all,ETTh1,192,0.2499006340258458,0.023661075160357852,0.8065140740815959,0.07852024910330817,0.826530612244898,0.028335242096132793,1.5238768498857864,0.0012225951594173497,686,consensus_linear_all_g5p0_no_beta,911,false,ok,false,,,paper_materials/etth_precision_gated/raw_consensus/selection_etth1_h192/linear_all_L2_nobeta_scalar__consensus_linear_all_g5p0_no_beta_tx.jld2
Precision-gated ensemble,NGMP,consensus-x depth-2 linear_all,ETTh1,336,0.2085597946746622,0.014279819190311403,0.6375799432671011,0.03805533550630926,0.9779411764705882,0.011039290808718624,1.6954722910637003,0.0012239332902536,680,consensus_linear_all_g5p0_no_beta,911,false,ok,false,,,paper_materials/etth_precision_gated/raw_consensus/selection_etth1_h336/linear_all_L2_nobeta_scalar__consensus_linear_all_g5p0_no_beta_tx.jld2
Precision-gated ensemble,NGMP,consensus-x depth-2 linear_all,ETTh1,720,,,,,,,,,,consensus_linear_all_g5p0_no_beta,911,false,unstable,false,,,paper_materials/etth_precision_gated/raw_consensus/selection_etth1_h720/linear_all_L2_nobeta_scalar__consensus_linear_all_g5p0_no_beta_tx.jld2
Precision-gated ensemble,NGMP,consensus-x depth-2 linear_all,ETTh1,96,0.15484718147744583,0.01948837241495534,0.4941091129189459,0.07475481738461702,0.8782608695652174,0.024397785570918644,1.4154977192189477,0.00014756746875709825,690,consensus_linear_all_g5p0_beta_rate_1,918,false,ok,false,,,paper_materials/etth_precision_gated/raw_consensus/selection_etth1_h96/linear_all_L2_beta_scalar__consensus_linear_all_g5p0_beta_rate_1_tx.jld2
Precision-gated ensemble,NGMP,consensus-x depth-2 linear_all,ETTh1,192,0.26873905936891873,0.02519618401640702,0.8278698272409002,0.07506950075627203,0.8411078717201166,0.027356660008803102,1.6061629996209115,0.00020634246511934743,686,consensus_linear_all_g5p0_beta_rate_1,918,false,ok,false,,,paper_materials/etth_precision_gated/raw_consensus/selection_etth1_h192/linear_all_L2_beta_scalar__consensus_linear_all_g5p0_beta_rate_1_tx.jld2
Precision-gated ensemble,NGMP,consensus-x depth-2 linear_all,ETTh1,336,0.2175336948259237,0.014648528103264417,0.6582569464754949,0.03694454036044021,0.9838235294117647,0.0094818727671033,1.744499022352378,0.00025057290353877934,680,consensus_linear_all_g5p0_beta_rate_1,918,false,ok,false,,,paper_materials/etth_precision_gated/raw_consensus/selection_etth1_h336/linear_all_L2_beta_scalar__consensus_linear_all_g5p0_beta_rate_1_tx.jld2
Precision-gated ensemble,NGMP,consensus-x depth-2 linear_all,ETTh1,720,,,,,,,,,,consensus_linear_all_g5p0_beta_rate_1,918,false,unstable,false,,,paper_materials/etth_precision_gated/raw_consensus/selection_etth1_h720/linear_all_L2_beta_scalar__consensus_linear_all_g5p0_beta_rate_1_tx.jld2
Precision-gated ensemble,NGMP,consensus-x depth-2 linear_all,ETTh1,96,0.16158158787725807,0.020307905178197146,0.5200492564216449,0.07797524567016692,0.8782608695652174,0.024397785570918644,1.4148010001765154,0.00015185443013146749,690,consensus_linear_all_g5p0_beta_rate_1000,918,false,ok,false,,,paper_materials/etth_precision_gated/raw_consensus/selection_etth1_h96/linear_all_L2_beta_scalar__consensus_linear_all_g5p0_beta_rate_1000_tx.jld2
Precision-gated ensemble,NGMP,consensus-x depth-2 linear_all,ETTh1,192,0.2849014517105878,0.026343062959358083,0.8691467705557229,0.07692293164333124,0.8279883381924198,0.028240806099729877,1.6224083797500108,0.0001960355037066724,686,consensus_linear_all_g5p0_beta_rate_1000,918,false,ok,false,,,paper_materials/etth_precision_gated/raw_consensus/selection_etth1_h192/linear_all_L2_beta_scalar__consensus_linear_all_g5p0_beta_rate_1000_tx.jld2
Precision-gated ensemble,NGMP,consensus-x depth-2 linear_all,ETTh1,336,0.23288211721470345,0.01572660583552197,0.695892319491298,0.03915654034270234,0.975,0.01173453668064659,1.7557516119301528,0.00024660496033733845,680,consensus_linear_all_g5p0_beta_rate_1000,918,false,ok,false,,,paper_materials/etth_precision_gated/raw_consensus/selection_etth1_h336/linear_all_L2_beta_scalar__consensus_linear_all_g5p0_beta_rate_1000_tx.jld2
Precision-gated ensemble,NGMP,consensus-x depth-2 linear_all,ETTh1,720,,,,,,,,,,consensus_linear_all_g5p0_beta_rate_1000,918,false,unstable,false,,,paper_materials/etth_precision_gated/raw_consensus/selection_etth1_h720/linear_all_L2_beta_scalar__consensus_linear_all_g5p0_beta_rate_1000_tx.jld2
Precision-gated ensemble,NGMP,consensus-x depth-2 rff_all,ETTh1,96,0.13345713211450944,0.016086417744989104,0.41797168326072864,0.06963258781924685,0.8884057971014493,0.02349362621172704,1.3344818611418627,0.0006409626487628308,690,consensus_rff_all_g1p5_no_beta,6511,true,ok,false,0.5445362110440687,0.16806214002364564,paper_materials/etth_precision_gated/raw_consensus/selection_etth1_h96/rff_all_L2_nobeta_scalar__consensus_rff_all_g1p5_no_beta_tx.jld2
Precision-gated ensemble,NGMP,consensus-x depth-2 rff_all,ETTh1,192,0.21241610966077565,0.019595528159601708,0.6882149261478557,0.06762391099822375,0.8833819241982507,0.024018352979896698,1.4908894872007277,0.0010379432992902089,686,consensus_rff_all_g1p5_no_beta,6511,true,ok,false,0.5445362110440687,0.16806214002364564,paper_materials/etth_precision_gated/raw_consensus/selection_etth1_h192/rff_all_L2_nobeta_scalar__consensus_rff_all_g1p5_no_beta_tx.jld2
Precision-gated ensemble,NGMP,consensus-x depth-2 rff_all,ETTh1,336,0.1893166161961793,0.01295540480118957,0.5870045872648131,0.03474010056558228,0.9955882352941177,0.004981265425957111,1.6915376221612777,0.0012167779591710196,680,consensus_rff_all_g1p5_no_beta,6511,true,ok,false,0.5445362110440687,0.16806214002364564,paper_materials/etth_precision_gated/raw_consensus/selection_etth1_h336/rff_all_L2_nobeta_scalar__consensus_rff_all_g1p5_no_beta_tx.jld2
Precision-gated ensemble,NGMP,consensus-x depth-2 rff_all,ETTh1,720,0.13705870212311808,0.015855341419297213,0.48495364750287734,0.03396378119763296,0.9864661654135338,0.008781906268790798,1.8932304261389747,0.0008776233062329832,665,consensus_rff_all_g1p5_no_beta,6511,true,ok,false,0.5445362110440687,0.16806214002364564,paper_materials/etth_precision_gated/raw_consensus/selection_etth1_h720/rff_all_L2_nobeta_scalar__consensus_rff_all_g1p5_no_beta_tx.jld2
Precision-gated ensemble,NGMP,consensus-x depth-2 rff_all,ETTh1,96,0.1550673220443632,0.019533642059297893,0.4936996518292135,0.07344170367094956,0.8797101449275362,0.024272127604452673,1.4306168314604575,0.00026369618128684085,690,consensus_rff_all_g1p5_beta_rate_1,6518,true,ok,false,0.6689594547113832,0.21646974520477047,paper_materials/etth_precision_gated/raw_consensus/selection_etth1_h96/rff_all_L2_beta_scalar__consensus_rff_all_g1p5_beta_rate_1_tx.jld2
Precision-gated ensemble,NGMP,consensus-x depth-2 rff_all,ETTh1,192,0.2629686032908677,0.024723110114130056,0.8100694394877388,0.07348347132416304,0.8542274052478134,0.026406492897881457,1.6072086483693684,0.00039343213252403275,686,consensus_rff_all_g1p5_beta_rate_1,6518,true,ok,false,0.6689594547113832,0.21646974520477047,paper_materials/etth_precision_gated/raw_consensus/selection_etth1_h192/rff_all_L2_beta_scalar__consensus_rff_all_g1p5_beta_rate_1_tx.jld2
Precision-gated ensemble,NGMP,consensus-x depth-2 rff_all,ETTh1,336,0.21535275809302895,0.014491638443777103,0.652551457489053,0.03619502192691852,0.986764705882353,0.008589487198523038,1.752796550987698,0.0004913617274030377,680,consensus_rff_all_g1p5_beta_rate_1,6518,true,ok,false,0.6689594547113832,0.21646974520477047,paper_materials/etth_precision_gated/raw_consensus/selection_etth1_h336/rff_all_L2_beta_scalar__consensus_rff_all_g1p5_beta_rate_1_tx.jld2
Precision-gated ensemble,NGMP,consensus-x depth-2 rff_all,ETTh1,720,0.232490297390822,0.025866999693352447,0.7195172700395276,0.038704964502025166,0.9819548872180451,0.010117258271547141,2.2675092667228487,0.0004811414255770279,665,consensus_rff_all_g1p5_beta_rate_1,6518,true,ok,false,0.6689594547113832,0.21646974520477047,paper_materials/etth_precision_gated/raw_consensus/selection_etth1_h720/rff_all_L2_beta_scalar__consensus_rff_all_g1p5_beta_rate_1_tx.jld2
Precision-gated ensemble,NGMP,consensus-x depth-2 rff_all,ETTh1,96,0.15937294291647652,0.02007944884296936,0.5111066832433682,0.07651753882436427,0.8782608695652174,0.024397785570918644,1.4207572460240805,0.0002527313898153553,690,consensus_rff_all_g1p5_beta_rate_1000,6518,true,ok,false,0.7013214382325678,0.23093347721523477,paper_materials/etth_precision_gated/raw_consensus/selection_etth1_h96/rff_all_L2_beta_scalar__consensus_rff_all_g1p5_beta_rate_1000_tx.jld2
Precision-gated ensemble,NGMP,consensus-x depth-2 rff_all,ETTh1,192,0.27724793570157175,0.025755700293231567,0.850062192663675,0.0760068842171163,0.8367346938775511,0.02765838865286662,1.6128493675717008,0.0003532455710957205,686,consensus_rff_all_g1p5_beta_rate_1000,6518,true,ok,false,0.7013214382325678,0.23093347721523477,paper_materials/etth_precision_gated/raw_consensus/selection_etth1_h192/rff_all_L2_beta_scalar__consensus_rff_all_g1p5_beta_rate_1000_tx.jld2
Precision-gated ensemble,NGMP,consensus-x depth-2 rff_all,ETTh1,336,0.22893832983053186,0.015503380665596091,0.6863963025384332,0.038653649763344906,0.9764705882352941,0.011392754867522092,1.7545195156442808,0.0004566657300594065,680,consensus_rff_all_g1p5_beta_rate_1000,6518,true,ok,false,0.7013214382325678,0.23093347721523477,paper_materials/etth_precision_gated/raw_consensus/selection_etth1_h336/rff_all_L2_beta_scalar__consensus_rff_all_g1p5_beta_rate_1000_tx.jld2
Precision-gated ensemble,NGMP,consensus-x depth-2 rff_all,ETTh1,720,0.25817470041235896,0.027481970156949018,0.7577205744847949,0.04116679424646646,0.9759398496240601,0.011646567894866684,2.2660573480204134,0.0004769639727926218,665,consensus_rff_all_g1p5_beta_rate_1000,6518,true,ok,false,0.7013214382325678,0.23093347721523477,paper_materials/etth_precision_gated/raw_consensus/selection_etth1_h720/rff_all_L2_beta_scalar__consensus_rff_all_g1p5_beta_rate_1000_tx.jld2
Precision-gated ensemble,NGMP,consensus-x depth-2 rff_all,ETTh1,96,0.13239506623031524,0.015803943558686875,0.41493438236615166,0.06889537339009794,0.8884057971014493,0.02349362621172704,1.3321025447734551,0.0009867611963964697,690,consensus_rff_all_g3p0_no_beta,6511,true,ok,true,0.5321476158238966,0.16348399525099366,paper_materials/etth_precision_gated/raw_consensus/selection_etth1_h96/rff_all_L2_nobeta_scalar__consensus_rff_all_g3p0_no_beta_tx.jld2
Precision-gated ensemble,NGMP,consensus-x depth-2 rff_all,ETTh1,192,0.20404133144411285,0.018443189028816667,0.66392059329433,0.0647891180521591,0.8935860058309038,0.023075630957249574,1.478973720300886,0.001367038113957563,686,consensus_rff_all_g3p0_no_beta,6511,true,ok,true,0.5321476158238966,0.16348399525099366,paper_materials/etth_precision_gated/raw_consensus/selection_etth1_h192/rff_all_L2_nobeta_scalar__consensus_rff_all_g3p0_no_beta_tx.jld2
Precision-gated ensemble,NGMP,consensus-x depth-2 rff_all,ETTh1,336,0.18184790779476176,0.012597631762593611,0.5666562906260378,0.03381473451483076,0.9970588235294118,0.004070188910835385,1.6902344583499915,0.001586021411181628,680,consensus_rff_all_g3p0_no_beta,6511,true,ok,true,0.5321476158238966,0.16348399525099366,paper_materials/etth_precision_gated/raw_consensus/selection_etth1_h336/rff_all_L2_nobeta_scalar__consensus_rff_all_g3p0_no_beta_tx.jld2
Precision-gated ensemble,NGMP,consensus-x depth-2 rff_all,ETTh1,720,0.13565167553478477,0.015299381253629507,0.4830791970090667,0.03243863662007244,0.98796992481203,0.008285968946320204,1.9005117247553633,0.0012045718294643039,665,consensus_rff_all_g3p0_no_beta,6511,true,ok,true,0.5321476158238966,0.16348399525099366,paper_materials/etth_precision_gated/raw_consensus/selection_etth1_h720/rff_all_L2_nobeta_scalar__consensus_rff_all_g3p0_no_beta_tx.jld2
Precision-gated ensemble,NGMP,consensus-x depth-2 rff_all,ETTh1,96,0.15728384060692538,0.01982837386913315,0.5008448830195017,0.0726170520791751,0.8797101449275362,0.024272127604452673,1.45145913924847,0.0005614956297148964,690,consensus_rff_all_g3p0_beta_rate_1,6518,true,ok,false,0.66575146323459,0.2148582993912514,paper_materials/etth_precision_gated/raw_consensus/selection_etth1_h96/rff_all_L2_beta_scalar__consensus_rff_all_g3p0_beta_rate_1_tx.jld2
Precision-gated ensemble,NGMP,consensus-x depth-2 rff_all,ETTh1,192,0.26093394549455845,0.024567757610344024,0.8010753392664886,0.0719977004806869,0.858600583090379,0.026073866164304238,1.6194272590834669,0.0006851315741099715,686,consensus_rff_all_g3p0_beta_rate_1,6518,true,ok,false,0.66575146323459,0.2148582993912514,paper_materials/etth_precision_gated/raw_consensus/selection_etth1_h192/rff_all_L2_beta_scalar__consensus_rff_all_g3p0_beta_rate_1_tx.jld2
Precision-gated ensemble,NGMP,consensus-x depth-2 rff_all,ETTh1,336,0.21464184346291315,0.01442486219818345,0.64964108134214,0.03548494479726262,0.9955882352941177,0.004981265425957111,1.7646083934889252,0.0007526842900507214,680,consensus_rff_all_g3p0_beta_rate_1,6518,true,ok,false,0.66575146323459,0.2148582993912514,paper_materials/etth_precision_gated/raw_consensus/selection_etth1_h336/rff_all_L2_beta_scalar__consensus_rff_all_g3p0_beta_rate_1_tx.jld2
Precision-gated ensemble,NGMP,consensus-x depth-2 rff_all,ETTh1,720,0.22657356800060863,0.025499626679832965,0.7114445493102299,0.03800728810296907,0.9834586466165414,0.009693951438434703,2.272340779556305,0.000674710158641307,665,consensus_rff_all_g3p0_beta_rate_1,6518,true,ok,false,0.66575146323459,0.2148582993912514,paper_materials/etth_precision_gated/raw_consensus/selection_etth1_h720/rff_all_L2_beta_scalar__consensus_rff_all_g3p0_beta_rate_1_tx.jld2
Precision-gated ensemble,NGMP,consensus-x depth-2 rff_all,ETTh1,96,0.16069055435693158,0.02025687551772464,0.5156977592516008,0.07637163684940029,0.8782608695652174,0.024397785570918644,1.429820603840358,0.00046085957879646593,690,consensus_rff_all_g3p0_beta_rate_1000,6518,true,ok,false,0.7003016064920569,0.23063475571145012,paper_materials/etth_precision_gated/raw_consensus/selection_etth1_h96/rff_all_L2_beta_scalar__consensus_rff_all_g3p0_beta_rate_1000_tx.jld2
Precision-gated ensemble,NGMP,consensus-x depth-2 rff_all,ETTh1,192,0.27356751403608276,0.025480419555835854,0.8407803789775089,0.0754177037876059,0.8396501457725948,0.027458038001925276,1.611074556631156,0.0005789595453971421,686,consensus_rff_all_g3p0_beta_rate_1000,6518,true,ok,false,0.7003016064920569,0.23063475571145012,paper_materials/etth_precision_gated/raw_consensus/selection_etth1_h192/rff_all_L2_beta_scalar__consensus_rff_all_g3p0_beta_rate_1000_tx.jld2
Precision-gated ensemble,NGMP,consensus-x depth-2 rff_all,ETTh1,336,0.22640851375338936,0.01532402669997888,0.6795636039523394,0.038173265398564256,0.9779411764705882,0.011039290808718624,1.7540582951761023,0.0006611924977417131,680,consensus_rff_all_g3p0_beta_rate_1000,6518,true,ok,false,0.7003016064920569,0.23063475571145012,paper_materials/etth_precision_gated/raw_consensus/selection_etth1_h336/rff_all_L2_beta_scalar__consensus_rff_all_g3p0_beta_rate_1000_tx.jld2
Precision-gated ensemble,NGMP,consensus-x depth-2 rff_all,ETTh1,720,0.26187244069939675,0.027759166631530052,0.7651646837867787,0.04092757142178246,0.9759398496240601,0.011646567894866684,2.2845456841286036,0.0006260541696422991,665,consensus_rff_all_g3p0_beta_rate_1000,6518,true,ok,false,0.7003016064920569,0.23063475571145012,paper_materials/etth_precision_gated/raw_consensus/selection_etth1_h720/rff_all_L2_beta_scalar__consensus_rff_all_g3p0_beta_rate_1000_tx.jld2
Precision-gated ensemble,NGMP,consensus-x depth-2 rff_all,ETTh1,96,0.13197519562928545,0.015750961277512014,0.4150769564265147,0.06925300833040846,0.8869565217391304,0.02362639537281174,1.3292854580084836,0.001617024234518687,690,consensus_rff_all_g5p0_no_beta,6511,false,ok,false,,,paper_materials/etth_precision_gated/raw_consensus/selection_etth1_h96/rff_all_L2_nobeta_scalar__consensus_rff_all_g5p0_no_beta_tx.jld2
Precision-gated ensemble,NGMP,consensus-x depth-2 rff_all,ETTh1,192,0.20199012384948808,0.018133434163162477,0.6583255501821288,0.06397006756609219,0.8950437317784257,0.02293571858234533,1.4771689368267111,0.0019201781587932381,686,consensus_rff_all_g5p0_no_beta,6511,false,ok,false,,,paper_materials/etth_precision_gated/raw_consensus/selection_etth1_h192/rff_all_L2_nobeta_scalar__consensus_rff_all_g5p0_no_beta_tx.jld2
Precision-gated ensemble,NGMP,consensus-x depth-2 rff_all,ETTh1,336,0.17984815224554748,0.012535909130986561,0.5605382928183849,0.03361593963742414,0.9970588235294118,0.004070188910835385,1.6898781181100249,0.002314045552377619,680,consensus_rff_all_g5p0_no_beta,6511,false,ok,false,,,paper_materials/etth_precision_gated/raw_consensus/selection_etth1_h336/rff_all_L2_nobeta_scalar__consensus_rff_all_g5p0_no_beta_tx.jld2
Precision-gated ensemble,NGMP,consensus-x depth-2 rff_all,ETTh1,720,,,,,,,,,,consensus_rff_all_g5p0_no_beta,6511,false,unstable,false,,,paper_materials/etth_precision_gated/raw_consensus/selection_etth1_h720/rff_all_L2_nobeta_scalar__consensus_rff_all_g5p0_no_beta_tx.jld2
Precision-gated ensemble,NGMP,consensus-x depth-2 rff_all,ETTh1,96,0.15833029222512623,0.019969668532963315,0.5048567397551307,0.07211483145459048,0.8797101449275362,0.024272127604452673,1.4639542431404189,0.0012598255570916443,690,consensus_rff_all_g5p0_beta_rate_1,6518,false,ok,false,,,paper_materials/etth_precision_gated/raw_consensus/selection_etth1_h96/rff_all_L2_beta_scalar__consensus_rff_all_g5p0_beta_rate_1_tx.jld2
Precision-gated ensemble,NGMP,consensus-x depth-2 rff_all,ETTh1,192,0.2601181250421602,0.02450674713003791,0.7977986042943573,0.07129895994113056,0.8615160349854227,0.025847435517206876,1.6268072014231985,0.0013662088155562133,686,consensus_rff_all_g5p0_beta_rate_1,6518,false,ok,false,,,paper_materials/etth_precision_gated/raw_consensus/selection_etth1_h192/rff_all_L2_beta_scalar__consensus_rff_all_g5p0_beta_rate_1_tx.jld2
Precision-gated ensemble,NGMP,consensus-x depth-2 rff_all,ETTh1,336,0.21434722256527988,0.014391202870557025,0.6476677019530512,0.03503148481508533,0.9955882352941177,0.004981265425957111,1.7720966946922079,0.0013822159704307785,680,consensus_rff_all_g5p0_beta_rate_1,6518,false,ok,false,,,paper_materials/etth_precision_gated/raw_consensus/selection_etth1_h336/rff_all_L2_beta_scalar__consensus_rff_all_g5p0_beta_rate_1_tx.jld2
Precision-gated ensemble,NGMP,consensus-x depth-2 rff_all,ETTh1,720,,,,,,,,,,consensus_rff_all_g5p0_beta_rate_1,6518,false,unstable,false,,,paper_materials/etth_precision_gated/raw_consensus/selection_etth1_h720/rff_all_L2_beta_scalar__consensus_rff_all_g5p0_beta_rate_1_tx.jld2
Precision-gated ensemble,NGMP,consensus-x depth-2 rff_all,ETTh1,96,0.16137869569740568,0.020353175051093065,0.5187206350125699,0.076381503764463,0.8782608695652174,0.024397785570918644,1.4347482259397184,0.0009520740339728013,690,consensus_rff_all_g5p0_beta_rate_1000,6518,false,ok,false,,,paper_materials/etth_precision_gated/raw_consensus/selection_etth1_h96/rff_all_L2_beta_scalar__consensus_rff_all_g5p0_beta_rate_1000_tx.jld2
Precision-gated ensemble,NGMP,consensus-x depth-2 rff_all,ETTh1,192,0.2719694662680292,0.025361761225127528,0.8372180278578624,0.07517157257560082,0.8396501457725948,0.027458038001925276,1.6110741734505822,0.0010946894259321928,686,consensus_rff_all_g5p0_beta_rate_1000,6518,false,ok,false,,,paper_materials/etth_precision_gated/raw_consensus/selection_etth1_h192/rff_all_L2_beta_scalar__consensus_rff_all_g5p0_beta_rate_1000_tx.jld2
Precision-gated ensemble,NGMP,consensus-x depth-2 rff_all,ETTh1,336,0.22527964140830053,0.01523108938624012,0.675809555147091,0.03782239604477295,0.9794117647058823,0.01067298390205259,1.7553612105112981,0.0011295978195381127,680,consensus_rff_all_g5p0_beta_rate_1000,6518,false,ok,false,,,paper_materials/etth_precision_gated/raw_consensus/selection_etth1_h336/rff_all_L2_beta_scalar__consensus_rff_all_g5p0_beta_rate_1000_tx.jld2
Precision-gated ensemble,NGMP,consensus-x depth-2 rff_all,ETTh1,720,,,,,,,,,,consensus_rff_all_g5p0_beta_rate_1000,6518,false,unstable,false,,,paper_materials/etth_precision_gated/raw_consensus/selection_etth1_h720/rff_all_L2_beta_scalar__consensus_rff_all_g5p0_beta_rate_1000_tx.jld2
Precision-gated ensemble,NGMP,affine independent-expert,ETTh2,96,0.38859434944252347,0.03276284661061322,1.1412354096903887,0.09073068212259068,0.7956521739130434,0.030086397110813443,1.6700294165890188,0.0032538503991251817,690,linear2_ngmp,476,true,ok,false,1.5956149028853894,0.5863652631619908,paper_materials/etth_precision_gated/raw_linear2/selection/ETTh2_h96_linear2_ngmp.jls
Precision-gated ensemble,NGMP,affine independent-expert,ETTh2,192,0.6152238328424942,0.045256288788959896,1.787847992227431,0.12699913166443763,0.5874635568513119,0.03683898520607815,1.6620170978101216,0.0011909557323538907,686,linear2_ngmp,476,true,ok,false,1.5956149028853894,0.5863652631619908,paper_materials/etth_precision_gated/raw_linear2/selection/ETTh2_h192_linear2_ngmp.jls
Precision-gated ensemble,NGMP,affine independent-expert,ETTh2,336,0.6172876468316199,0.043402764321615515,1.6940706448659493,0.11213734829302395,0.6602941176470588,0.03559703965699127,1.7244765772015607,0.0013023201884537945,680,linear2_ngmp,476,true,ok,false,1.5956149028853894,0.5863652631619908,paper_materials/etth_precision_gated/raw_linear2/selection/ETTh2_h336_linear2_ngmp.jls
Precision-gated ensemble,NGMP,affine independent-expert,ETTh2,720,0.7243552235313255,0.05243334781916094,1.7593055647577887,0.1138286917653093,0.6466165413533834,0.03633153791850944,1.8732188110113206,0.0013767109380296713,665,linear2_ngmp,476,true,ok,false,1.5956149028853894,0.5863652631619908,paper_materials/etth_precision_gated/raw_linear2/selection/ETTh2_h720_linear2_ngmp.jls
Precision-gated ensemble,NGMP,consensus-x depth-2 linear_all,ETTh2,96,0.2460822621467724,0.022895657556159854,0.7583829904514882,0.0677984215211435,0.8840579710144928,0.023888251674732804,1.6107217009504857,0.000907503474463725,690,consensus_linear_all_g1p5_no_beta,911,true,ok,false,0.890988883144948,0.31995189814425273,paper_materials/etth_precision_gated/raw_consensus/selection_etth2_h96/linear_all_L2_nobeta_scalar__consensus_linear_all_g1p5_no_beta_tx.jld2
Precision-gated ensemble,NGMP,consensus-x depth-2 linear_all,ETTh2,192,0.3938385910726616,0.02903922711855449,1.1046213094324733,0.0736376775173216,0.8498542274052479,0.026730975458887914,1.7349342202624232,0.0011280988794998776,686,consensus_linear_all_g1p5_no_beta,911,true,ok,false,0.890988883144948,0.31995189814425273,paper_materials/etth_precision_gated/raw_consensus/selection_etth2_h192/linear_all_L2_nobeta_scalar__consensus_linear_all_g1p5_no_beta_tx.jld2
Precision-gated ensemble,NGMP,consensus-x depth-2 linear_all,ETTh2,336,0.2882013686872979,0.023381627473459822,0.8024534559648684,0.0473214186532274,0.9441176470588235,0.017264103631929227,1.9446702768049022,0.0016999006569536118,680,consensus_linear_all_g1p5_no_beta,911,true,ok,false,0.890988883144948,0.31995189814425273,paper_materials/etth_precision_gated/raw_consensus/selection_etth2_h336/linear_all_L2_nobeta_scalar__consensus_linear_all_g1p5_no_beta_tx.jld2
Precision-gated ensemble,NGMP,consensus-x depth-2 linear_all,ETTh2,720,0.35168537067027894,0.029646390172971566,0.8984977767309623,0.036872025303146254,0.9909774436090225,0.0071867734636976285,2.4789066689932167,0.0013670918674194748,665,consensus_linear_all_g1p5_no_beta,911,true,ok,false,0.890988883144948,0.31995189814425273,paper_materials/etth_precision_gated/raw_consensus/selection_etth2_h720/linear_all_L2_nobeta_scalar__consensus_linear_all_g1p5_no_beta_tx.jld2
Precision-gated ensemble,NGMP,consensus-x depth-2 linear_all,ETTh2,96,0.26254066496763,0.023488259487789768,0.7824258308926425,0.06238365393173181,0.8971014492753623,0.02266986603832469,1.7036128848852297,0.0006220010055424918,690,consensus_linear_all_g1p5_beta_rate_1,918,true,ok,false,1.123023854447253,0.4896086272443507,paper_materials/etth_precision_gated/raw_consensus/selection_etth2_h96/linear_all_L2_beta_scalar__consensus_linear_all_g1p5_beta_rate_1_tx.jld2
Precision-gated ensemble,NGMP,consensus-x depth-2 linear_all,ETTh2,192,0.46036356988262594,0.03499218915349259,1.2181972615447065,0.08073863318070923,0.7769679300291545,0.031150945814890918,1.8270589319081347,0.0004948896254168381,686,consensus_linear_all_g1p5_beta_rate_1,918,true,ok,false,1.123023854447253,0.4896086272443507,paper_materials/etth_precision_gated/raw_consensus/selection_etth2_h192/linear_all_L2_beta_scalar__consensus_linear_all_g1p5_beta_rate_1_tx.jld2
Precision-gated ensemble,NGMP,consensus-x depth-2 linear_all,ETTh2,336,0.5493939170524994,0.0396498641571997,1.2350110726513606,0.0665323846666123,0.8426470588235294,0.02736868441323915,2.1395397706367647,0.0014316204724693661,680,consensus_linear_all_g1p5_beta_rate_1,918,true,ok,false,1.123023854447253,0.4896086272443507,paper_materials/etth_precision_gated/raw_consensus/selection_etth2_h336/linear_all_L2_beta_scalar__consensus_linear_all_g1p5_beta_rate_1_tx.jld2
Precision-gated ensemble,NGMP,consensus-x depth-2 linear_all,ETTh2,720,0.6861363570746476,0.051929289598846934,1.2564612527003025,0.05078990634843399,0.9413533834586466,0.017858093528968666,2.8050369733551714,0.0013829825500409718,665,consensus_linear_all_g1p5_beta_rate_1,918,true,ok,false,1.123023854447253,0.4896086272443507,paper_materials/etth_precision_gated/raw_consensus/selection_etth2_h720/linear_all_L2_beta_scalar__consensus_linear_all_g1p5_beta_rate_1_tx.jld2
Precision-gated ensemble,NGMP,consensus-x depth-2 linear_all,ETTh2,96,0.26398011701830987,0.02366011114728105,0.7917277639922122,0.06447711506632597,0.8884057971014493,0.02349362621172704,1.6823974383064477,0.0004993352430928377,690,consensus_linear_all_g1p5_beta_rate_1000,918,true,ok,false,1.1347053203650157,0.49530218174961194,paper_materials/etth_precision_gated/raw_consensus/selection_etth2_h96/linear_all_L2_beta_scalar__consensus_linear_all_g1p5_beta_rate_1000_tx.jld2
Precision-gated ensemble,NGMP,consensus-x depth-2 linear_all,ETTh2,192,0.46372354475448535,0.035163368331698495,1.2348762629296564,0.08237550378755075,0.7725947521865889,0.03136621763116965,1.81366592768295,0.0005225656310357776,686,consensus_linear_all_g1p5_beta_rate_1000,918,true,ok,false,1.1347053203650157,0.49530218174961194,paper_materials/etth_precision_gated/raw_consensus/selection_etth2_h192/linear_all_L2_beta_scalar__consensus_linear_all_g1p5_beta_rate_1000_tx.jld2
Precision-gated ensemble,NGMP,consensus-x depth-2 linear_all,ETTh2,336,0.5510241524024351,0.03954956361161093,1.2397777559508298,0.06668582456988217,0.8455882352941176,0.027158969904636253,2.13504596899049,0.001463670813712324,680,consensus_linear_all_g1p5_beta_rate_1000,918,true,ok,false,1.1347053203650157,0.49530218174961194,paper_materials/etth_precision_gated/raw_consensus/selection_etth2_h336/linear_all_L2_beta_scalar__consensus_linear_all_g1p5_beta_rate_1000_tx.jld2
Precision-gated ensemble,NGMP,consensus-x depth-2 linear_all,ETTh2,720,0.7024809128232173,0.05278112535739717,1.2724394985873648,0.05159469016466195,0.9353383458646617,0.01869153822387181,2.8061316967497634,0.0013912150997157056,665,consensus_linear_all_g1p5_beta_rate_1000,918,true,ok,false,1.1347053203650157,0.49530218174961194,paper_materials/etth_precision_gated/raw_consensus/selection_etth2_h720/linear_all_L2_beta_scalar__consensus_linear_all_g1p5_beta_rate_1000_tx.jld2
Precision-gated ensemble,NGMP,consensus-x depth-2 linear_all,ETTh2,96,,,,,,,,,,consensus_linear_all_g3p0_no_beta,911,false,unstable,false,,,paper_materials/etth_precision_gated/raw_consensus/selection_etth2_h96/linear_all_L2_nobeta_scalar__consensus_linear_all_g3p0_no_beta_tx.jld2
Precision-gated ensemble,NGMP,consensus-x depth-2 linear_all,ETTh2,192,,,,,,,,,,consensus_linear_all_g3p0_no_beta,911,false,unstable,false,,,paper_materials/etth_precision_gated/raw_consensus/selection_etth2_h192/linear_all_L2_nobeta_scalar__consensus_linear_all_g3p0_no_beta_tx.jld2
Precision-gated ensemble,NGMP,consensus-x depth-2 linear_all,ETTh2,336,,,,,,,,,,consensus_linear_all_g3p0_no_beta,911,false,unstable,false,,,paper_materials/etth_precision_gated/raw_consensus/selection_etth2_h336/linear_all_L2_nobeta_scalar__consensus_linear_all_g3p0_no_beta_tx.jld2
Precision-gated ensemble,NGMP,consensus-x depth-2 linear_all,ETTh2,720,,,,,,,,,,consensus_linear_all_g3p0_no_beta,911,false,unstable,false,,,paper_materials/etth_precision_gated/raw_consensus/selection_etth2_h720/linear_all_L2_nobeta_scalar__consensus_linear_all_g3p0_no_beta_tx.jld2
Precision-gated ensemble,NGMP,consensus-x depth-2 linear_all,ETTh2,96,,,,,,,,,,consensus_linear_all_g3p0_beta_rate_1,918,false,unstable,false,,,paper_materials/etth_precision_gated/raw_consensus/selection_etth2_h96/linear_all_L2_beta_scalar__consensus_linear_all_g3p0_beta_rate_1_tx.jld2
Precision-gated ensemble,NGMP,consensus-x depth-2 linear_all,ETTh2,192,,,,,,,,,,consensus_linear_all_g3p0_beta_rate_1,918,false,unstable,false,,,paper_materials/etth_precision_gated/raw_consensus/selection_etth2_h192/linear_all_L2_beta_scalar__consensus_linear_all_g3p0_beta_rate_1_tx.jld2
Precision-gated ensemble,NGMP,consensus-x depth-2 linear_all,ETTh2,336,,,,,,,,,,consensus_linear_all_g3p0_beta_rate_1,918,false,unstable,false,,,paper_materials/etth_precision_gated/raw_consensus/selection_etth2_h336/linear_all_L2_beta_scalar__consensus_linear_all_g3p0_beta_rate_1_tx.jld2
Precision-gated ensemble,NGMP,consensus-x depth-2 linear_all,ETTh2,720,,,,,,,,,,consensus_linear_all_g3p0_beta_rate_1,918,false,unstable,false,,,paper_materials/etth_precision_gated/raw_consensus/selection_etth2_h720/linear_all_L2_beta_scalar__consensus_linear_all_g3p0_beta_rate_1_tx.jld2
Precision-gated ensemble,NGMP,consensus-x depth-2 linear_all,ETTh2,96,,,,,,,,,,consensus_linear_all_g3p0_beta_rate_1000,918,false,unstable,false,,,paper_materials/etth_precision_gated/raw_consensus/selection_etth2_h96/linear_all_L2_beta_scalar__consensus_linear_all_g3p0_beta_rate_1000_tx.jld2
Precision-gated ensemble,NGMP,consensus-x depth-2 linear_all,ETTh2,192,,,,,,,,,,consensus_linear_all_g3p0_beta_rate_1000,918,false,unstable,false,,,paper_materials/etth_precision_gated/raw_consensus/selection_etth2_h192/linear_all_L2_beta_scalar__consensus_linear_all_g3p0_beta_rate_1000_tx.jld2
Precision-gated ensemble,NGMP,consensus-x depth-2 linear_all,ETTh2,336,,,,,,,,,,consensus_linear_all_g3p0_beta_rate_1000,918,false,unstable,false,,,paper_materials/etth_precision_gated/raw_consensus/selection_etth2_h336/linear_all_L2_beta_scalar__consensus_linear_all_g3p0_beta_rate_1000_tx.jld2
Precision-gated ensemble,NGMP,consensus-x depth-2 linear_all,ETTh2,720,,,,,,,,,,consensus_linear_all_g3p0_beta_rate_1000,918,false,unstable,false,,,paper_materials/etth_precision_gated/raw_consensus/selection_etth2_h720/linear_all_L2_beta_scalar__consensus_linear_all_g3p0_beta_rate_1000_tx.jld2
Precision-gated ensemble,NGMP,consensus-x depth-2 linear_all,ETTh2,96,,,,,,,,,,consensus_linear_all_g5p0_no_beta,911,false,unstable,false,,,paper_materials/etth_precision_gated/raw_consensus/selection_etth2_h96/linear_all_L2_nobeta_scalar__consensus_linear_all_g5p0_no_beta_tx.jld2
Precision-gated ensemble,NGMP,consensus-x depth-2 linear_all,ETTh2,192,,,,,,,,,,consensus_linear_all_g5p0_no_beta,911,false,unstable,false,,,paper_materials/etth_precision_gated/raw_consensus/selection_etth2_h192/linear_all_L2_nobeta_scalar__consensus_linear_all_g5p0_no_beta_tx.jld2
Precision-gated ensemble,NGMP,consensus-x depth-2 linear_all,ETTh2,336,,,,,,,,,,consensus_linear_all_g5p0_no_beta,911,false,unstable,false,,,paper_materials/etth_precision_gated/raw_consensus/selection_etth2_h336/linear_all_L2_nobeta_scalar__consensus_linear_all_g5p0_no_beta_tx.jld2
Precision-gated ensemble,NGMP,consensus-x depth-2 linear_all,ETTh2,720,,,,,,,,,,consensus_linear_all_g5p0_no_beta,911,false,unstable,false,,,paper_materials/etth_precision_gated/raw_consensus/selection_etth2_h720/linear_all_L2_nobeta_scalar__consensus_linear_all_g5p0_no_beta_tx.jld2
Precision-gated ensemble,NGMP,consensus-x depth-2 linear_all,ETTh2,96,,,,,,,,,,consensus_linear_all_g5p0_beta_rate_1,918,false,unstable,false,,,paper_materials/etth_precision_gated/raw_consensus/selection_etth2_h96/linear_all_L2_beta_scalar__consensus_linear_all_g5p0_beta_rate_1_tx.jld2
Precision-gated ensemble,NGMP,consensus-x depth-2 linear_all,ETTh2,192,,,,,,,,,,consensus_linear_all_g5p0_beta_rate_1,918,false,unstable,false,,,paper_materials/etth_precision_gated/raw_consensus/selection_etth2_h192/linear_all_L2_beta_scalar__consensus_linear_all_g5p0_beta_rate_1_tx.jld2
Precision-gated ensemble,NGMP,consensus-x depth-2 linear_all,ETTh2,336,,,,,,,,,,consensus_linear_all_g5p0_beta_rate_1,918,false,unstable,false,,,paper_materials/etth_precision_gated/raw_consensus/selection_etth2_h336/linear_all_L2_beta_scalar__consensus_linear_all_g5p0_beta_rate_1_tx.jld2
Precision-gated ensemble,NGMP,consensus-x depth-2 linear_all,ETTh2,720,,,,,,,,,,consensus_linear_all_g5p0_beta_rate_1,918,false,unstable,false,,,paper_materials/etth_precision_gated/raw_consensus/selection_etth2_h720/linear_all_L2_beta_scalar__consensus_linear_all_g5p0_beta_rate_1_tx.jld2
Precision-gated ensemble,NGMP,consensus-x depth-2 linear_all,ETTh2,96,,,,,,,,,,consensus_linear_all_g5p0_beta_rate_1000,918,false,unstable,false,,,paper_materials/etth_precision_gated/raw_consensus/selection_etth2_h96/linear_all_L2_beta_scalar__consensus_linear_all_g5p0_beta_rate_1000_tx.jld2
Precision-gated ensemble,NGMP,consensus-x depth-2 linear_all,ETTh2,192,,,,,,,,,,consensus_linear_all_g5p0_beta_rate_1000,918,false,unstable,false,,,paper_materials/etth_precision_gated/raw_consensus/selection_etth2_h192/linear_all_L2_beta_scalar__consensus_linear_all_g5p0_beta_rate_1000_tx.jld2
Precision-gated ensemble,NGMP,consensus-x depth-2 linear_all,ETTh2,336,,,,,,,,,,consensus_linear_all_g5p0_beta_rate_1000,918,false,unstable,false,,,paper_materials/etth_precision_gated/raw_consensus/selection_etth2_h336/linear_all_L2_beta_scalar__consensus_linear_all_g5p0_beta_rate_1000_tx.jld2
Precision-gated ensemble,NGMP,consensus-x depth-2 linear_all,ETTh2,720,,,,,,,,,,consensus_linear_all_g5p0_beta_rate_1000,918,false,unstable,false,,,paper_materials/etth_precision_gated/raw_consensus/selection_etth2_h720/linear_all_L2_beta_scalar__consensus_linear_all_g5p0_beta_rate_1000_tx.jld2
Precision-gated ensemble,NGMP,consensus-x depth-2 rff_all,ETTh2,96,0.244260587319954,0.022510851779216176,0.7552856153944113,0.06708310612401971,0.8913043478260869,0.023224300622301068,1.6070481199263689,0.0012892224822301005,690,consensus_rff_all_g1p5_no_beta,6511,true,ok,true,0.8860168106553996,0.318288455741346,paper_materials/etth_precision_gated/raw_consensus/selection_etth2_h96/rff_all_L2_nobeta_scalar__consensus_rff_all_g1p5_no_beta_tx.jld2
Precision-gated ensemble,NGMP,consensus-x depth-2 rff_all,ETTh2,192,0.3868499627328822,0.028626426898057607,1.0847550433181976,0.07216122629164307,0.8527696793002916,0.02651554374018756,1.739590633383673,0.0014826491453160087,686,consensus_rff_all_g1p5_no_beta,6511,true,ok,true,0.8860168106553996,0.318288455741346,paper_materials/etth_precision_gated/raw_consensus/selection_etth2_h192/rff_all_L2_nobeta_scalar__consensus_rff_all_g1p5_no_beta_tx.jld2
Precision-gated ensemble,NGMP,consensus-x depth-2 rff_all,ETTh2,336,0.287074742719625,0.023402306838718048,0.8010194790775916,0.04764316515754781,0.9455882352941176,0.01704869221758474,1.941856937191528,0.0018362484918141987,680,consensus_rff_all_g1p5_no_beta,6511,true,ok,true,0.8860168106553996,0.318288455741346,paper_materials/etth_precision_gated/raw_consensus/selection_etth2_h336/rff_all_L2_nobeta_scalar__consensus_rff_all_g1p5_no_beta_tx.jld2
Precision-gated ensemble,NGMP,consensus-x depth-2 rff_all,ETTh2,720,0.35496853019292274,0.030545288755719678,0.903007104831398,0.038357289480513417,0.98796992481203,0.008285968946320204,2.469719461148921,0.0012021370163439419,665,consensus_rff_all_g1p5_no_beta,6511,true,ok,true,0.8860168106553996,0.318288455741346,paper_materials/etth_precision_gated/raw_consensus/selection_etth2_h720/rff_all_L2_nobeta_scalar__consensus_rff_all_g1p5_no_beta_tx.jld2
Precision-gated ensemble,NGMP,consensus-x depth-2 rff_all,ETTh2,96,0.2661739683776415,0.02374631892899107,0.785435901298648,0.06054482982592933,0.9043478260869565,0.021945158278704253,1.7421075717596217,0.001468402873839099,690,consensus_rff_all_g1p5_beta_rate_1,6518,true,ok,false,1.1132969198856655,0.48650988989897626,paper_materials/etth_precision_gated/raw_consensus/selection_etth2_h96/rff_all_L2_beta_scalar__consensus_rff_all_g1p5_beta_rate_1_tx.jld2
Precision-gated ensemble,NGMP,consensus-x depth-2 rff_all,ETTh2,192,0.46709189364999226,0.035586469134229665,1.2144537491907368,0.07921088861869514,0.7769679300291545,0.031150945814890918,1.860972590002761,0.0008328650291445247,686,consensus_rff_all_g1p5_beta_rate_1,6518,true,ok,false,1.1132969198856655,0.48650988989897626,paper_materials/etth_precision_gated/raw_consensus/selection_etth2_h192/rff_all_L2_beta_scalar__consensus_rff_all_g1p5_beta_rate_1_tx.jld2
Precision-gated ensemble,NGMP,consensus-x depth-2 rff_all,ETTh2,336,0.5408468150366129,0.03949756213201064,1.2125946690490352,0.06493845830603812,0.8573529411764705,0.02628481147733222,2.1620339581594092,0.0014577153314682834,680,consensus_rff_all_g1p5_beta_rate_1,6518,true,ok,false,1.1132969198856655,0.48650988989897626,paper_materials/etth_precision_gated/raw_consensus/selection_etth2_h336/rff_all_L2_beta_scalar__consensus_rff_all_g1p5_beta_rate_1_tx.jld2
Precision-gated ensemble,NGMP,consensus-x depth-2 rff_all,ETTh2,720,0.6719268825316586,0.05131026071636596,1.2407033600042419,0.04967141720057718,0.9458646616541353,0.017198564368971086,2.8207483521149794,0.0010815041644626222,665,consensus_rff_all_g1p5_beta_rate_1,6518,true,ok,false,1.1132969198856655,0.48650988989897626,paper_materials/etth_precision_gated/raw_consensus/selection_etth2_h720/rff_all_L2_beta_scalar__consensus_rff_all_g1p5_beta_rate_1_tx.jld2
Precision-gated ensemble,NGMP,consensus-x depth-2 rff_all,ETTh2,96,0.26575733439981253,0.023797577773262305,0.7940027819467259,0.06391075448906335,0.8942028985507247,0.0229497768457145,1.6967857667380168,0.0009548624738000028,690,consensus_rff_all_g1p5_beta_rate_1000,6518,true,ok,false,1.1253929290813591,0.48849532626014236,paper_materials/etth_precision_gated/raw_consensus/selection_etth2_h96/rff_all_L2_beta_scalar__consensus_rff_all_g1p5_beta_rate_1000_tx.jld2
Precision-gated ensemble,NGMP,consensus-x depth-2 rff_all,ETTh2,192,0.4671237521138067,0.035554579521638895,1.236066360809903,0.08226873362871635,0.7682215743440233,0.03157663065014245,1.8253771758948354,0.0007259735239104793,686,consensus_rff_all_g1p5_beta_rate_1000,6518,true,ok,false,1.1253929290813591,0.48849532626014236,paper_materials/etth_precision_gated/raw_consensus/selection_etth2_h192/rff_all_L2_beta_scalar__consensus_rff_all_g1p5_beta_rate_1000_tx.jld2
Precision-gated ensemble,NGMP,consensus-x depth-2 rff_all,ETTh2,336,0.5405379707522122,0.03933885988267887,1.2200170872637204,0.0659815016141994,0.8558823529411764,0.02639728444069844,2.141028982057477,0.0014039586737821582,680,consensus_rff_all_g1p5_beta_rate_1000,6518,true,ok,false,1.1253929290813591,0.48849532626014236,paper_materials/etth_precision_gated/raw_consensus/selection_etth2_h336/rff_all_L2_beta_scalar__consensus_rff_all_g1p5_beta_rate_1000_tx.jld2
Precision-gated ensemble,NGMP,consensus-x depth-2 rff_all,ETTh2,720,0.6805622477747378,0.0519217331384623,1.251485486305088,0.051026204304686074,0.9398496240601504,0.018071143201431737,2.799574318839985,0.0010240318161265946,665,consensus_rff_all_g1p5_beta_rate_1000,6518,true,ok,false,1.1253929290813591,0.48849532626014236,paper_materials/etth_precision_gated/raw_consensus/selection_etth2_h720/rff_all_L2_beta_scalar__consensus_rff_all_g1p5_beta_rate_1000_tx.jld2
Precision-gated ensemble,NGMP,consensus-x depth-2 rff_all,ETTh2,96,0.2441964302504075,0.022357958491534397,0.7634684263602548,0.06721168013057745,0.8942028985507247,0.0229497768457145,1.6616771220400208,0.10164380690902451,690,consensus_rff_all_g3p0_no_beta,6511,true,ok,false,0.8868957351238134,0.31844001574369596,paper_materials/etth_precision_gated/raw_consensus/selection_etth2_h96/rff_all_L2_nobeta_scalar__consensus_rff_all_g3p0_no_beta_tx.jld2
Precision-gated ensemble,NGMP,consensus-x depth-2 rff_all,ETTh2,192,0.38284469254953263,0.028337767991943555,1.0717143359128505,0.07082937747392325,0.8571428571428571,0.02618566565172611,1.7433085326078417,0.0021315208540312724,686,consensus_rff_all_g3p0_no_beta,6511,true,ok,false,0.8868957351238134,0.31844001574369596,paper_materials/etth_precision_gated/raw_consensus/selection_etth2_h192/rff_all_L2_nobeta_scalar__consensus_rff_all_g3p0_no_beta_tx.jld2
Precision-gated ensemble,NGMP,consensus-x depth-2 rff_all,ETTh2,336,0.28889553407142105,0.02414782856053936,0.8051082685199401,0.04925040891897,0.9426470588235294,0.017476161129494443,1.9448719277444781,0.0023557761849777995,680,consensus_rff_all_g3p0_no_beta,6511,true,ok,false,0.8868957351238134,0.31844001574369596,paper_materials/etth_precision_gated/raw_consensus/selection_etth2_h336/rff_all_L2_nobeta_scalar__consensus_rff_all_g3p0_no_beta_tx.jld2
Precision-gated ensemble,NGMP,consensus-x depth-2 rff_all,ETTh2,720,0.35782340610342256,0.030923432934154123,0.9072919097022083,0.03880170065275313,0.98796992481203,0.008285968946320204,2.4730047091892375,0.0014846791384119451,665,consensus_rff_all_g3p0_no_beta,6511,true,ok,false,0.8868957351238134,0.31844001574369596,paper_materials/etth_precision_gated/raw_consensus/selection_etth2_h720/rff_all_L2_nobeta_scalar__consensus_rff_all_g3p0_no_beta_tx.jld2
Precision-gated ensemble,NGMP,consensus-x depth-2 rff_all,ETTh2,96,0.27035461556530616,0.024070328713500386,0.7945416939649674,0.05876579657689441,0.9115942028985508,0.02118188935504251,1.8135218564210394,0.0452606222976473,690,consensus_rff_all_g3p0_beta_rate_1,6518,true,ok,false,1.1121324550555929,0.4899209628294427,paper_materials/etth_precision_gated/raw_consensus/selection_etth2_h96/rff_all_L2_beta_scalar__consensus_rff_all_g3p0_beta_rate_1_tx.jld2
Precision-gated ensemble,NGMP,consensus-x depth-2 rff_all,ETTh2,192,0.4742005086057871,0.036159398569543484,1.210680687485438,0.07750061598215544,0.782798833819242,0.0308561825000018,1.897403193874959,0.0014391939128686362,686,consensus_rff_all_g3p0_beta_rate_1,6518,true,ok,false,1.1121324550555929,0.4899209628294427,paper_materials/etth_precision_gated/raw_consensus/selection_etth2_h192/rff_all_L2_beta_scalar__consensus_rff_all_g3p0_beta_rate_1_tx.jld2
Precision-gated ensemble,NGMP,consensus-x depth-2 rff_all,ETTh2,336,0.5414691691687068,0.03966546584577033,1.2041949846725526,0.06361973402627154,0.8661764705882353,0.02558957455643791,2.189507197533126,0.0016071686222280926,680,consensus_rff_all_g3p0_beta_rate_1,6518,true,ok,false,1.1121324550555929,0.4899209628294427,paper_materials/etth_precision_gated/raw_consensus/selection_etth2_h336/rff_all_L2_beta_scalar__consensus_rff_all_g3p0_beta_rate_1_tx.jld2
Precision-gated ensemble,NGMP,consensus-x depth-2 rff_all,ETTh2,720,0.6736595579779707,0.05130057005729014,1.2391124540994138,0.048459444557042,0.9503759398496241,0.01650559300788474,2.856067005196969,0.0012344301463233474,665,consensus_rff_all_g3p0_beta_rate_1,6518,true,ok,false,1.1121324550555929,0.4899209628294427,paper_materials/etth_precision_gated/raw_consensus/selection_etth2_h720/rff_all_L2_beta_scalar__consensus_rff_all_g3p0_beta_rate_1_tx.jld2
Precision-gated ensemble,NGMP,consensus-x depth-2 rff_all,ETTh2,96,0.2689082890494152,0.024090641660865497,0.802460508421496,0.06338118338552873,0.8971014492753623,0.02266986603832469,1.736134954200175,0.032553814852995244,690,consensus_rff_all_g3p0_beta_rate_1000,6518,true,ok,false,1.126703190185423,0.49113281227039995,paper_materials/etth_precision_gated/raw_consensus/selection_etth2_h96/rff_all_L2_beta_scalar__consensus_rff_all_g3p0_beta_rate_1000_tx.jld2
Precision-gated ensemble,NGMP,consensus-x depth-2 rff_all,ETTh2,192,0.47248741588565185,0.03602202439383309,1.2384524416260667,0.0818662581410149,0.7667638483965015,0.031645705406264095,1.8422784619181243,0.0010651686253786265,686,consensus_rff_all_g3p0_beta_rate_1000,6518,true,ok,false,1.126703190185423,0.49113281227039995,paper_materials/etth_precision_gated/raw_consensus/selection_etth2_h192/rff_all_L2_beta_scalar__consensus_rff_all_g3p0_beta_rate_1000_tx.jld2
Precision-gated ensemble,NGMP,consensus-x depth-2 rff_all,ETTh2,336,0.5391815468286494,0.03942146143388671,1.2132472761660258,0.06538486486281636,0.8588235294117647,0.026171388359822533,2.15352446770316,0.001500458060963361,680,consensus_rff_all_g3p0_beta_rate_1000,6518,true,ok,false,1.126703190185423,0.49113281227039995,paper_materials/etth_precision_gated/raw_consensus/selection_etth2_h336/rff_all_L2_beta_scalar__consensus_rff_all_g3p0_beta_rate_1000_tx.jld2
Precision-gated ensemble,NGMP,consensus-x depth-2 rff_all,ETTh2,720,0.6839539973178833,0.05199216869100574,1.2526525345281025,0.050389897781055334,0.9428571428571428,0.01764173084124129,2.8195570091520663,0.0011213429373384655,665,consensus_rff_all_g3p0_beta_rate_1000,6518,true,ok,false,1.126703190185423,0.49113281227039995,paper_materials/etth_precision_gated/raw_consensus/selection_etth2_h720/rff_all_L2_beta_scalar__consensus_rff_all_g3p0_beta_rate_1000_tx.jld2
Precision-gated ensemble,NGMP,consensus-x depth-2 rff_all,ETTh2,96,,,,,,,,,,consensus_rff_all_g5p0_no_beta,6511,false,unstable,false,,,paper_materials/etth_precision_gated/raw_consensus/selection_etth2_h96/rff_all_L2_nobeta_scalar__consensus_rff_all_g5p0_no_beta_tx.jld2
Precision-gated ensemble,NGMP,consensus-x depth-2 rff_all,ETTh2,192,,,,,,,,,,consensus_rff_all_g5p0_no_beta,6511,false,unstable,false,,,paper_materials/etth_precision_gated/raw_consensus/selection_etth2_h192/rff_all_L2_nobeta_scalar__consensus_rff_all_g5p0_no_beta_tx.jld2
Precision-gated ensemble,NGMP,consensus-x depth-2 rff_all,ETTh2,336,,,,,,,,,,consensus_rff_all_g5p0_no_beta,6511,false,unstable,false,,,paper_materials/etth_precision_gated/raw_consensus/selection_etth2_h336/rff_all_L2_nobeta_scalar__consensus_rff_all_g5p0_no_beta_tx.jld2
Precision-gated ensemble,NGMP,consensus-x depth-2 rff_all,ETTh2,720,0.36005829039684745,0.031155563632231292,0.9106878905297244,0.03908940960489536,0.98796992481203,0.008285968946320204,2.475235961292426,0.0017621059501322883,665,consensus_rff_all_g5p0_no_beta,6511,false,ok,false,,,paper_materials/etth_precision_gated/raw_consensus/selection_etth2_h720/rff_all_L2_nobeta_scalar__consensus_rff_all_g5p0_no_beta_tx.jld2
Precision-gated ensemble,NGMP,consensus-x depth-2 rff_all,ETTh2,96,,,,,,,,,,consensus_rff_all_g5p0_beta_rate_1,6518,false,unstable,false,,,paper_materials/etth_precision_gated/raw_consensus/selection_etth2_h96/rff_all_L2_beta_scalar__consensus_rff_all_g5p0_beta_rate_1_tx.jld2
Precision-gated ensemble,NGMP,consensus-x depth-2 rff_all,ETTh2,192,,,,,,,,,,consensus_rff_all_g5p0_beta_rate_1,6518,false,unstable,false,,,paper_materials/etth_precision_gated/raw_consensus/selection_etth2_h192/rff_all_L2_beta_scalar__consensus_rff_all_g5p0_beta_rate_1_tx.jld2
Precision-gated ensemble,NGMP,consensus-x depth-2 rff_all,ETTh2,336,,,,,,,,,,consensus_rff_all_g5p0_beta_rate_1,6518,false,unstable,false,,,paper_materials/etth_precision_gated/raw_consensus/selection_etth2_h336/rff_all_L2_beta_scalar__consensus_rff_all_g5p0_beta_rate_1_tx.jld2
Precision-gated ensemble,NGMP,consensus-x depth-2 rff_all,ETTh2,720,0.6750147683648374,0.05128801880423078,1.239013924596003,0.04783612856382976,0.956390977443609,0.015521839193978398,2.8750168999850523,0.0014032770702237945,665,consensus_rff_all_g5p0_beta_rate_1,6518,false,ok,false,,,paper_materials/etth_precision_gated/raw_consensus/selection_etth2_h720/rff_all_L2_beta_scalar__consensus_rff_all_g5p0_beta_rate_1_tx.jld2
Precision-gated ensemble,NGMP,consensus-x depth-2 rff_all,ETTh2,96,,,,,,,,,,consensus_rff_all_g5p0_beta_rate_1000,6518,false,unstable,false,,,paper_materials/etth_precision_gated/raw_consensus/selection_etth2_h96/rff_all_L2_beta_scalar__consensus_rff_all_g5p0_beta_rate_1000_tx.jld2
Precision-gated ensemble,NGMP,consensus-x depth-2 rff_all,ETTh2,192,,,,,,,,,,consensus_rff_all_g5p0_beta_rate_1000,6518,false,unstable,false,,,paper_materials/etth_precision_gated/raw_consensus/selection_etth2_h192/rff_all_L2_beta_scalar__consensus_rff_all_g5p0_beta_rate_1000_tx.jld2
Precision-gated ensemble,NGMP,consensus-x depth-2 rff_all,ETTh2,336,,,,,,,,,,consensus_rff_all_g5p0_beta_rate_1000,6518,false,unstable,false,,,paper_materials/etth_precision_gated/raw_consensus/selection_etth2_h336/rff_all_L2_beta_scalar__consensus_rff_all_g5p0_beta_rate_1000_tx.jld2
Precision-gated ensemble,NGMP,consensus-x depth-2 rff_all,ETTh2,720,0.6840423622426566,0.05192190600825526,1.252397086865089,0.05015822143140874,0.9458646616541353,0.017198564368971086,2.824627578184855,0.0012233072511610148,665,consensus_rff_all_g5p0_beta_rate_1000,6518,false,ok,false,,,paper_materials/etth_precision_gated/raw_consensus/selection_etth2_h720/rff_all_L2_beta_scalar__consensus_rff_all_g5p0_beta_rate_1000_tx.jld2
