method,optimizer,architecture,dataset,horizon,mse,mse_ci,rmse,rmse_ci,nll,nll_ci,coverage95,coverage95_ci,interval_width,interval_width_ci,test_count,configuration_id,source_provenance,target_trace_sha256,expert_trace_sha256,expert_hashes,vae_sha256,units,ci_convention
Neural MoE,Adam,affine,ETTh1,96,0.14712262513391164,0.006917613887274083,0.38356567251764284,0.009017509103289077,2.055308870462567e25,1.553627452000401e25,0.0002901915264074289,0.0005686824090062466,0.0009668820810469968,0.00010981937304577605,3446,adam_affine,../probabilistic_ensemble_forecasting/paper/results_vae_std/neural_ensemble/ETTh1_h96_neural_ensemble_cef6ae74.jld2,0e48e3d5d36876b61670d43015ab1338c3410576481f91a398ea4fe483085ca6,a4c8d9827f8c80ffd7df210203ffe0c77b2f00326d76f1be2a5e53e7008c2a22,CNN:8ac73f007ac7fe1add0aadbf977e9ab379b1038badd6d353cd30467dd1db353c;NLinear:d040b63b65206d11de50288e676dca8449a4e1298f6f6d48a5f4cbc1e56cdcc3;LSTM:afd03f9a86b9e3b66341987859b996fe0d652a5d8ef6336488bdbec76ac3a0c2;DLinear:9f3d2e6eab1a1fcbf92effda47430799d0cec4e3d11b321df1c6ab33e9c6a949;NConv:97f0a6e1411531675379f9092790973d76650e9efb99c4127e7e469de79e77c4,fa1b7f4a7fd35539429c4ea286c49f395631b7b26a0e878b80abca611d062ba9,standardized OT,per-origin normal CI; RMSE uses delta method from MSE
Neural MoE,Adam,two-layer ReLU,ETTh1,96,0.15644494131361678,0.007642241241525952,0.395531214082551,0.009660730897373558,2.2758654214544898e24,1.1905693846440706e24,0.0011607661056297156,0.00113686948599306,0.0009278801324991417,0.0001036299765123034,3446,adam_relu2,../probabilistic_ensemble_forecasting/paper/results_vae_std/neural_ensemble_big/ETTh1_h96_neural_ensemble_cb998fc9.jld2,0e48e3d5d36876b61670d43015ab1338c3410576481f91a398ea4fe483085ca6,a4c8d9827f8c80ffd7df210203ffe0c77b2f00326d76f1be2a5e53e7008c2a22,CNN:8ac73f007ac7fe1add0aadbf977e9ab379b1038badd6d353cd30467dd1db353c;NLinear:d040b63b65206d11de50288e676dca8449a4e1298f6f6d48a5f4cbc1e56cdcc3;LSTM:afd03f9a86b9e3b66341987859b996fe0d652a5d8ef6336488bdbec76ac3a0c2;DLinear:9f3d2e6eab1a1fcbf92effda47430799d0cec4e3d11b321df1c6ab33e9c6a949;NConv:97f0a6e1411531675379f9092790973d76650e9efb99c4127e7e469de79e77c4,fa1b7f4a7fd35539429c4ea286c49f395631b7b26a0e878b80abca611d062ba9,standardized OT,per-origin normal CI; RMSE uses delta method from MSE
Bayesian neural MoE,IVON,"affine, K=1000",ETTh1,96,0.1468106486568887,0.006904400458948076,0.38315877734548726,0.009009842481988224,10.277727596796973,0.7366229130240649,0.0943122460824144,0.009758065887173942,0.09500124795098593,0.004104691868861511,3446,ivon_affine_k1000,paper_materials/ivon/moe/checkpoints/ETTh1_h96_moe_ivon.jld2,0e48e3d5d36876b61670d43015ab1338c3410576481f91a398ea4fe483085ca6,a4c8d9827f8c80ffd7df210203ffe0c77b2f00326d76f1be2a5e53e7008c2a22,CNN:8ac73f007ac7fe1add0aadbf977e9ab379b1038badd6d353cd30467dd1db353c;NLinear:d040b63b65206d11de50288e676dca8449a4e1298f6f6d48a5f4cbc1e56cdcc3;LSTM:afd03f9a86b9e3b66341987859b996fe0d652a5d8ef6336488bdbec76ac3a0c2;DLinear:9f3d2e6eab1a1fcbf92effda47430799d0cec4e3d11b321df1c6ab33e9c6a949;NConv:97f0a6e1411531675379f9092790973d76650e9efb99c4127e7e469de79e77c4,fa1b7f4a7fd35539429c4ea286c49f395631b7b26a0e878b80abca611d062ba9,standardized OT,per-origin normal CI; RMSE uses delta method from MSE
Bayesian neural MoE,IVON,"two-layer ReLU, K=1000",ETTh1,96,0.14683474089604448,0.00690717947678594,0.3831902150317052,0.009012729456328156,2216.8905428866487,676.2775628199328,0.0261172373766686,0.0053248504151428315,0.0303353070864445,0.0019294299653969081,3446,ivon_relu2_k1000,paper_materials/ivon/moe/checkpoints/ETTh1_h96_moe_big_ivon.jld2,0e48e3d5d36876b61670d43015ab1338c3410576481f91a398ea4fe483085ca6,a4c8d9827f8c80ffd7df210203ffe0c77b2f00326d76f1be2a5e53e7008c2a22,CNN:8ac73f007ac7fe1add0aadbf977e9ab379b1038badd6d353cd30467dd1db353c;NLinear:d040b63b65206d11de50288e676dca8449a4e1298f6f6d48a5f4cbc1e56cdcc3;LSTM:afd03f9a86b9e3b66341987859b996fe0d652a5d8ef6336488bdbec76ac3a0c2;DLinear:9f3d2e6eab1a1fcbf92effda47430799d0cec4e3d11b321df1c6ab33e9c6a949;NConv:97f0a6e1411531675379f9092790973d76650e9efb99c4127e7e469de79e77c4,fa1b7f4a7fd35539429c4ea286c49f395631b7b26a0e878b80abca611d062ba9,standardized OT,per-origin normal CI; RMSE uses delta method from MSE
Dynamic PGE,projective VMP,historical 2026 precision gate,ETTh1,96,0.12836496822566715,0.005968190024096941,0.3582805719344368,0.008328933371789252,0.4120348692644042,0.01728792887161958,0.9788160185722576,0.00480778216436596,1.6253002040572508,0.0004625519735764697,3446,historical_dynamic_pge_2026,../probabilistic_ensemble_forecasting/paper/results_vae_std/dynamic/ETTh1_h96_OT_dynamic_4163653858683196987.jld2,0e48e3d5d36876b61670d43015ab1338c3410576481f91a398ea4fe483085ca6,a4c8d9827f8c80ffd7df210203ffe0c77b2f00326d76f1be2a5e53e7008c2a22,CNN:8ac73f007ac7fe1add0aadbf977e9ab379b1038badd6d353cd30467dd1db353c;NLinear:d040b63b65206d11de50288e676dca8449a4e1298f6f6d48a5f4cbc1e56cdcc3;LSTM:afd03f9a86b9e3b66341987859b996fe0d652a5d8ef6336488bdbec76ac3a0c2;DLinear:9f3d2e6eab1a1fcbf92effda47430799d0cec4e3d11b321df1c6ab33e9c6a949;NConv:97f0a6e1411531675379f9092790973d76650e9efb99c4127e7e469de79e77c4,fa1b7f4a7fd35539429c4ea286c49f395631b7b26a0e878b80abca611d062ba9,standardized OT,per-origin normal CI; RMSE uses delta method from MSE
Precision-gated ensemble,NGMP,"affine independent-expert, pre-existing",ETTh1,96,0.126286051751359,0.005959114545101505,0.35536748831506665,0.00838443968714745,0.38879455820922126,0.02098019427289248,0.9657573998839234,0.006071665589554443,1.4816950028328997,0.004479214163573092,3446,linear2_ngmp,results/etth_ct_table/ETTh1_h96_linear2_ngmp.jls,0e48e3d5d36876b61670d43015ab1338c3410576481f91a398ea4fe483085ca6,a4c8d9827f8c80ffd7df210203ffe0c77b2f00326d76f1be2a5e53e7008c2a22,CNN:8ac73f007ac7fe1add0aadbf977e9ab379b1038badd6d353cd30467dd1db353c;NLinear:d040b63b65206d11de50288e676dca8449a4e1298f6f6d48a5f4cbc1e56cdcc3;LSTM:afd03f9a86b9e3b66341987859b996fe0d652a5d8ef6336488bdbec76ac3a0c2;DLinear:9f3d2e6eab1a1fcbf92effda47430799d0cec4e3d11b321df1c6ab33e9c6a949;NConv:97f0a6e1411531675379f9092790973d76650e9efb99c4127e7e469de79e77c4,fa1b7f4a7fd35539429c4ea286c49f395631b7b26a0e878b80abca611d062ba9,standardized OT,per-origin normal CI; RMSE uses delta method from MSE
Neural MoE,Adam,affine,ETTh1,192,0.13682578591016595,0.0067548721907240965,0.3698996970939094,0.009130680889702356,1.1049950685265731e22,1.035350484893751e22,0.0011675423234092236,0.0011435023233659896,0.0022298918186884685,0.0002338757809280306,3426,adam_affine,../probabilistic_ensemble_forecasting/paper/results_vae_std/neural_ensemble/ETTh1_h192_neural_ensemble_1ffca9ef.jld2,ddd3e88aeb6011a4261f7c93250c09a884d52ce63f31ea6690083a2b9bd59f6c,acd127c99edf95d74b13c1db2be0ad251af7b3f596b0690dad13f74b87c8a1af,CNN:2762d89983d1692e7099c0ec029d08a1bcca6a2532abcf52df169d91b2445f99;NLinear:6d52411a448a22d75a6774cbc6039a374b219eb2dc5aacde8af715ad1e47acf8;LSTM:04761e9a755929e07c5301f573fb15f3f3b3e64c6d9ab6e5709363b5e521b234;DLinear:cd978684db319c6edcefd36d471c15f43bc2504c97008c27432dd37b2b26c3dd;NConv:ef5c906169eb1fb1836adc0f7ab3dfc702051979c01bafc4a77c77632364a755,fa1b7f4a7fd35539429c4ea286c49f395631b7b26a0e878b80abca611d062ba9,standardized OT,per-origin normal CI; RMSE uses delta method from MSE
Neural MoE,Adam,two-layer ReLU,ETTh1,192,0.1368287960076406,0.006755006432896169,0.36990376587382917,0.009130761911734956,1.2482036785690714e19,8.294217178987792e18,0.0014594279042615295,0.0012782876478582656,0.002399688642935357,0.00022249342652779015,3426,adam_relu2,../probabilistic_ensemble_forecasting/paper/results_vae_std/neural_ensemble_big/ETTh1_h192_neural_ensemble_768c93fd.jld2,ddd3e88aeb6011a4261f7c93250c09a884d52ce63f31ea6690083a2b9bd59f6c,acd127c99edf95d74b13c1db2be0ad251af7b3f596b0690dad13f74b87c8a1af,CNN:2762d89983d1692e7099c0ec029d08a1bcca6a2532abcf52df169d91b2445f99;NLinear:6d52411a448a22d75a6774cbc6039a374b219eb2dc5aacde8af715ad1e47acf8;LSTM:04761e9a755929e07c5301f573fb15f3f3b3e64c6d9ab6e5709363b5e521b234;DLinear:cd978684db319c6edcefd36d471c15f43bc2504c97008c27432dd37b2b26c3dd;NConv:ef5c906169eb1fb1836adc0f7ab3dfc702051979c01bafc4a77c77632364a755,fa1b7f4a7fd35539429c4ea286c49f395631b7b26a0e878b80abca611d062ba9,standardized OT,per-origin normal CI; RMSE uses delta method from MSE
Bayesian neural MoE,IVON,"affine, K=1000",ETTh1,192,0.13655998515500523,0.006741966362352681,0.36954023482566173,0.00912210055494139,35514.80073506843,11067.129701951533,0.023642732049036778,0.005087537501849,0.023584574405238045,0.0015524076463290463,3426,ivon_affine_k1000,paper_materials/ivon/moe/checkpoints/ETTh1_h192_moe_ivon.jld2,ddd3e88aeb6011a4261f7c93250c09a884d52ce63f31ea6690083a2b9bd59f6c,acd127c99edf95d74b13c1db2be0ad251af7b3f596b0690dad13f74b87c8a1af,CNN:2762d89983d1692e7099c0ec029d08a1bcca6a2532abcf52df169d91b2445f99;NLinear:6d52411a448a22d75a6774cbc6039a374b219eb2dc5aacde8af715ad1e47acf8;LSTM:04761e9a755929e07c5301f573fb15f3f3b3e64c6d9ab6e5709363b5e521b234;DLinear:cd978684db319c6edcefd36d471c15f43bc2504c97008c27432dd37b2b26c3dd;NConv:ef5c906169eb1fb1836adc0f7ab3dfc702051979c01bafc4a77c77632364a755,fa1b7f4a7fd35539429c4ea286c49f395631b7b26a0e878b80abca611d062ba9,standardized OT,per-origin normal CI; RMSE uses delta method from MSE
Bayesian neural MoE,IVON,"two-layer ReLU, K=1000",ETTh1,192,0.1366999944722695,0.006748172854863722,0.3697296234713544,0.009125821176439425,2.2344171885100704e8,9.227955600214168e7,0.009632224168126095,0.0032705135503675853,0.011844104992680606,0.0009389114334167799,3426,ivon_relu2_k1000,paper_materials/ivon/moe/checkpoints/ETTh1_h192_moe_big_ivon.jld2,ddd3e88aeb6011a4261f7c93250c09a884d52ce63f31ea6690083a2b9bd59f6c,acd127c99edf95d74b13c1db2be0ad251af7b3f596b0690dad13f74b87c8a1af,CNN:2762d89983d1692e7099c0ec029d08a1bcca6a2532abcf52df169d91b2445f99;NLinear:6d52411a448a22d75a6774cbc6039a374b219eb2dc5aacde8af715ad1e47acf8;LSTM:04761e9a755929e07c5301f573fb15f3f3b3e64c6d9ab6e5709363b5e521b234;DLinear:cd978684db319c6edcefd36d471c15f43bc2504c97008c27432dd37b2b26c3dd;NConv:ef5c906169eb1fb1836adc0f7ab3dfc702051979c01bafc4a77c77632364a755,fa1b7f4a7fd35539429c4ea286c49f395631b7b26a0e878b80abca611d062ba9,standardized OT,per-origin normal CI; RMSE uses delta method from MSE
Dynamic PGE,projective VMP,historical 2026 precision gate,ETTh1,192,0.11461910155075831,0.005785448064986218,0.33855442922927226,0.008544339647478453,0.3700602348050359,0.0170734090256158,0.9813193228254524,0.004533732524894303,1.6138347219994351,0.0003009827360780445,3426,historical_dynamic_pge_2026,../probabilistic_ensemble_forecasting/paper/results_vae_std/dynamic/ETTh1_h192_OT_dynamic_9134792985848061259.jld2,ddd3e88aeb6011a4261f7c93250c09a884d52ce63f31ea6690083a2b9bd59f6c,acd127c99edf95d74b13c1db2be0ad251af7b3f596b0690dad13f74b87c8a1af,CNN:2762d89983d1692e7099c0ec029d08a1bcca6a2532abcf52df169d91b2445f99;NLinear:6d52411a448a22d75a6774cbc6039a374b219eb2dc5aacde8af715ad1e47acf8;LSTM:04761e9a755929e07c5301f573fb15f3f3b3e64c6d9ab6e5709363b5e521b234;DLinear:cd978684db319c6edcefd36d471c15f43bc2504c97008c27432dd37b2b26c3dd;NConv:ef5c906169eb1fb1836adc0f7ab3dfc702051979c01bafc4a77c77632364a755,fa1b7f4a7fd35539429c4ea286c49f395631b7b26a0e878b80abca611d062ba9,standardized OT,per-origin normal CI; RMSE uses delta method from MSE
Precision-gated ensemble,NGMP,"affine independent-expert, pre-existing",ETTh1,192,0.11132250085846966,0.005712857586860941,0.33365026728367786,0.0085611464264222,0.337795480574109,0.019984772503628664,0.9725627553998832,0.005469951507786743,1.487277866800528,0.0034496303349013375,3426,linear2_ngmp,results/etth_ct_table/ETTh1_h192_linear2_ngmp.jls,ddd3e88aeb6011a4261f7c93250c09a884d52ce63f31ea6690083a2b9bd59f6c,acd127c99edf95d74b13c1db2be0ad251af7b3f596b0690dad13f74b87c8a1af,CNN:2762d89983d1692e7099c0ec029d08a1bcca6a2532abcf52df169d91b2445f99;NLinear:6d52411a448a22d75a6774cbc6039a374b219eb2dc5aacde8af715ad1e47acf8;LSTM:04761e9a755929e07c5301f573fb15f3f3b3e64c6d9ab6e5709363b5e521b234;DLinear:cd978684db319c6edcefd36d471c15f43bc2504c97008c27432dd37b2b26c3dd;NConv:ef5c906169eb1fb1836adc0f7ab3dfc702051979c01bafc4a77c77632364a755,fa1b7f4a7fd35539429c4ea286c49f395631b7b26a0e878b80abca611d062ba9,standardized OT,per-origin normal CI; RMSE uses delta method from MSE
Neural MoE,Adam,affine,ETTh1,336,0.17236623250604283,0.008189984903278125,0.41517012477542603,0.00986340829281521,1.1159011765610026e22,6.008172426202838e21,0.014714537963507945,0.0040484684212076984,0.012449460134744891,0.0011979438355753512,3398,adam_affine,../probabilistic_ensemble_forecasting/paper/results_vae_std/neural_ensemble/ETTh1_h336_neural_ensemble_769fd2ce.jld2,7f706d45b29911339c9bbe058deef456404ed56aef1b20101c2255cc58f365b4,2330af835e03501711945b81bdea31bd33765e3ed3e3d755f26872fd4ada74bc,CNN:f4eaf4db7bdbee6f215de2b511ed4418994724c109b7c38fa482eb480eaf8cfb;NLinear:80dbf8ec03d132f88c3c78210090793a885b209ecc97e90c70783aaccf947122;LSTM:96999e921a61ee72d05627c793df0b48dc839cd605cb305672ad6bf6e242b59a;DLinear:a94936f9686578459a0b0e1d5bc567b62b4edbe30136cfb165e3fd2cc3d18180;NConv:cad8b1d970cf56e816e61b363904b2b40248649324be77a11a11b6fd5e5ff159,fa1b7f4a7fd35539429c4ea286c49f395631b7b26a0e878b80abca611d062ba9,standardized OT,per-origin normal CI; RMSE uses delta method from MSE
Neural MoE,Adam,two-layer ReLU,ETTh1,336,0.2305053585879965,0.011783010255281839,0.4801097359854271,0.01227116362376735,2.452432496752673e14,1.7208686552135397e14,0.003531489111241907,0.0019945601098512837,0.005814397890218258,0.00044116846662976356,3398,adam_relu2,../probabilistic_ensemble_forecasting/paper/results_vae_std/neural_ensemble_big/ETTh1_h336_neural_ensemble_c2e1a8f6.jld2,7f706d45b29911339c9bbe058deef456404ed56aef1b20101c2255cc58f365b4,2330af835e03501711945b81bdea31bd33765e3ed3e3d755f26872fd4ada74bc,CNN:f4eaf4db7bdbee6f215de2b511ed4418994724c109b7c38fa482eb480eaf8cfb;NLinear:80dbf8ec03d132f88c3c78210090793a885b209ecc97e90c70783aaccf947122;LSTM:96999e921a61ee72d05627c793df0b48dc839cd605cb305672ad6bf6e242b59a;DLinear:a94936f9686578459a0b0e1d5bc567b62b4edbe30136cfb165e3fd2cc3d18180;NConv:cad8b1d970cf56e816e61b363904b2b40248649324be77a11a11b6fd5e5ff159,fa1b7f4a7fd35539429c4ea286c49f395631b7b26a0e878b80abca611d062ba9,standardized OT,per-origin normal CI; RMSE uses delta method from MSE
Bayesian neural MoE,IVON,"affine, K=1000",ETTh1,336,0.1348525621315816,0.006175157100364987,0.3672227690810873,0.008407916965248736,429.0098227310357,143.40732527067647,0.07416127133608005,0.008810339800235654,0.07209085769690328,0.003596090257745011,3398,ivon_affine_k1000,paper_materials/ivon/moe/checkpoints/ETTh1_h336_moe_ivon.jld2,7f706d45b29911339c9bbe058deef456404ed56aef1b20101c2255cc58f365b4,2330af835e03501711945b81bdea31bd33765e3ed3e3d755f26872fd4ada74bc,CNN:f4eaf4db7bdbee6f215de2b511ed4418994724c109b7c38fa482eb480eaf8cfb;NLinear:80dbf8ec03d132f88c3c78210090793a885b209ecc97e90c70783aaccf947122;LSTM:96999e921a61ee72d05627c793df0b48dc839cd605cb305672ad6bf6e242b59a;DLinear:a94936f9686578459a0b0e1d5bc567b62b4edbe30136cfb165e3fd2cc3d18180;NConv:cad8b1d970cf56e816e61b363904b2b40248649324be77a11a11b6fd5e5ff159,fa1b7f4a7fd35539429c4ea286c49f395631b7b26a0e878b80abca611d062ba9,standardized OT,per-origin normal CI; RMSE uses delta method from MSE
Bayesian neural MoE,IVON,"two-layer ReLU, K=1000",ETTh1,336,0.13521937389927563,0.006197554093747008,0.36772187030318937,0.008426958789039497,58.64754354647923,9.698000995100719,0.13213655091230136,0.011386063092541351,0.12945713040306545,0.00551275726740248,3398,ivon_relu2_k1000,paper_materials/ivon/moe/checkpoints/ETTh1_h336_moe_big_ivon.jld2,7f706d45b29911339c9bbe058deef456404ed56aef1b20101c2255cc58f365b4,2330af835e03501711945b81bdea31bd33765e3ed3e3d755f26872fd4ada74bc,CNN:f4eaf4db7bdbee6f215de2b511ed4418994724c109b7c38fa482eb480eaf8cfb;NLinear:80dbf8ec03d132f88c3c78210090793a885b209ecc97e90c70783aaccf947122;LSTM:96999e921a61ee72d05627c793df0b48dc839cd605cb305672ad6bf6e242b59a;DLinear:a94936f9686578459a0b0e1d5bc567b62b4edbe30136cfb165e3fd2cc3d18180;NConv:cad8b1d970cf56e816e61b363904b2b40248649324be77a11a11b6fd5e5ff159,fa1b7f4a7fd35539429c4ea286c49f395631b7b26a0e878b80abca611d062ba9,standardized OT,per-origin normal CI; RMSE uses delta method from MSE
Dynamic PGE,projective VMP,historical 2026 precision gate,ETTh1,336,0.09638327230055004,0.004541118607265415,0.3104565546103835,0.007313613676097811,0.31412703853242485,0.013519960179519635,0.9891112419070042,0.003489379035727721,1.6064468515950114,0.0009940805471858618,3398,historical_dynamic_pge_2026,../probabilistic_ensemble_forecasting/paper/results_vae_std/dynamic/ETTh1_h336_OT_dynamic_8460652042859392515.jld2,7f706d45b29911339c9bbe058deef456404ed56aef1b20101c2255cc58f365b4,2330af835e03501711945b81bdea31bd33765e3ed3e3d755f26872fd4ada74bc,CNN:f4eaf4db7bdbee6f215de2b511ed4418994724c109b7c38fa482eb480eaf8cfb;NLinear:80dbf8ec03d132f88c3c78210090793a885b209ecc97e90c70783aaccf947122;LSTM:96999e921a61ee72d05627c793df0b48dc839cd605cb305672ad6bf6e242b59a;DLinear:a94936f9686578459a0b0e1d5bc567b62b4edbe30136cfb165e3fd2cc3d18180;NConv:cad8b1d970cf56e816e61b363904b2b40248649324be77a11a11b6fd5e5ff159,fa1b7f4a7fd35539429c4ea286c49f395631b7b26a0e878b80abca611d062ba9,standardized OT,per-origin normal CI; RMSE uses delta method from MSE
Precision-gated ensemble,NGMP,"affine independent-expert, pre-existing",ETTh1,336,0.0970331170729481,0.004637278714044212,0.311501391767273,0.007443431773667302,0.28773391416846517,0.01610884618443916,0.9805768098881695,0.004640208479380787,1.4926441239390824,0.003829376364192654,3398,linear2_ngmp,results/etth_ct_table/ETTh1_h336_linear2_ngmp.jls,7f706d45b29911339c9bbe058deef456404ed56aef1b20101c2255cc58f365b4,2330af835e03501711945b81bdea31bd33765e3ed3e3d755f26872fd4ada74bc,CNN:f4eaf4db7bdbee6f215de2b511ed4418994724c109b7c38fa482eb480eaf8cfb;NLinear:80dbf8ec03d132f88c3c78210090793a885b209ecc97e90c70783aaccf947122;LSTM:96999e921a61ee72d05627c793df0b48dc839cd605cb305672ad6bf6e242b59a;DLinear:a94936f9686578459a0b0e1d5bc567b62b4edbe30136cfb165e3fd2cc3d18180;NConv:cad8b1d970cf56e816e61b363904b2b40248649324be77a11a11b6fd5e5ff159,fa1b7f4a7fd35539429c4ea286c49f395631b7b26a0e878b80abca611d062ba9,standardized OT,per-origin normal CI; RMSE uses delta method from MSE
Neural MoE,Adam,affine,ETTh1,720,0.21519770316665035,0.010332017787060912,0.46389406459519433,0.01113618234809373,9.083576869686561e11,6.410277330852141e11,0.012947907256850346,0.0038448861100837677,0.019305976986861602,0.0013916512043195696,3321,adam_affine,../probabilistic_ensemble_forecasting/paper/results_vae_std/neural_ensemble/ETTh1_h720_neural_ensemble_59924380.jld2,2ef5b25b86ff80000771d7bfd65e3b5af8d3971282c10bcd5ede07bdae50fe3f,eaca4503edd87797ae6cc3dd7ed784a4cd8a84dbdb1f7a347db82ce041e841ae,CNN:3c163c6c75349520f9ab70d00bd1a757f4d5daebb0f39f275c33383daf48d69b;NLinear:b1dbc8479b864d268b131b618bc290c5e6cea9efdef339735231b678155f5af6;LSTM:8597a17c97d6f08da69508a6a772a3906c17a724aa058884066ca93a1cf0cd79;DLinear:3011c0eca2fb28a8cdbed738ee211c2663d134e016f8ad823f8fc73ee67d65ff;NConv:d9b0fb32e04aaaa11eadad287deded082e5204fac2a3842d006947067e229756,fa1b7f4a7fd35539429c4ea286c49f395631b7b26a0e878b80abca611d062ba9,standardized OT,per-origin normal CI; RMSE uses delta method from MSE
Neural MoE,Adam,two-layer ReLU,ETTh1,720,0.21550102686037137,0.010357184798168533,0.4642208815427968,0.011155449065267541,1.5278699056164598e17,1.0478601766490504e17,0.0018066847335140017,0.0014443158231947262,0.0022400423823862683,0.00019588152773240648,3321,adam_relu2,../probabilistic_ensemble_forecasting/paper/results_vae_std/neural_ensemble_big/ETTh1_h720_neural_ensemble_16f056bb.jld2,2ef5b25b86ff80000771d7bfd65e3b5af8d3971282c10bcd5ede07bdae50fe3f,eaca4503edd87797ae6cc3dd7ed784a4cd8a84dbdb1f7a347db82ce041e841ae,CNN:3c163c6c75349520f9ab70d00bd1a757f4d5daebb0f39f275c33383daf48d69b;NLinear:b1dbc8479b864d268b131b618bc290c5e6cea9efdef339735231b678155f5af6;LSTM:8597a17c97d6f08da69508a6a772a3906c17a724aa058884066ca93a1cf0cd79;DLinear:3011c0eca2fb28a8cdbed738ee211c2663d134e016f8ad823f8fc73ee67d65ff;NConv:d9b0fb32e04aaaa11eadad287deded082e5204fac2a3842d006947067e229756,fa1b7f4a7fd35539429c4ea286c49f395631b7b26a0e878b80abca611d062ba9,standardized OT,per-origin normal CI; RMSE uses delta method from MSE
Bayesian neural MoE,IVON,"affine, K=1000",ETTh1,720,0.29462947400732853,0.013777712369663424,0.5427978205624342,0.012691385123274156,168.45294550813557,26.39999919265119,0.08762420957542909,0.00961640147446279,0.1470874798195279,0.006065098771555918,3321,ivon_affine_k1000,paper_materials/ivon/moe/checkpoints/ETTh1_h720_moe_ivon.jld2,2ef5b25b86ff80000771d7bfd65e3b5af8d3971282c10bcd5ede07bdae50fe3f,eaca4503edd87797ae6cc3dd7ed784a4cd8a84dbdb1f7a347db82ce041e841ae,CNN:3c163c6c75349520f9ab70d00bd1a757f4d5daebb0f39f275c33383daf48d69b;NLinear:b1dbc8479b864d268b131b618bc290c5e6cea9efdef339735231b678155f5af6;LSTM:8597a17c97d6f08da69508a6a772a3906c17a724aa058884066ca93a1cf0cd79;DLinear:3011c0eca2fb28a8cdbed738ee211c2663d134e016f8ad823f8fc73ee67d65ff;NConv:d9b0fb32e04aaaa11eadad287deded082e5204fac2a3842d006947067e229756,fa1b7f4a7fd35539429c4ea286c49f395631b7b26a0e878b80abca611d062ba9,standardized OT,per-origin normal CI; RMSE uses delta method from MSE
Bayesian neural MoE,IVON,"two-layer ReLU, K=1000",ETTh1,720,0.28451318389220775,0.013355483802701129,0.5333977726727097,0.012519253441742425,94.2422454348183,16.263822568716186,0.1415236374585968,0.011854747693276746,0.2134475265807974,0.00791283446238668,3321,ivon_relu2_k1000,paper_materials/ivon/moe/checkpoints/ETTh1_h720_moe_big_ivon.jld2,2ef5b25b86ff80000771d7bfd65e3b5af8d3971282c10bcd5ede07bdae50fe3f,eaca4503edd87797ae6cc3dd7ed784a4cd8a84dbdb1f7a347db82ce041e841ae,CNN:3c163c6c75349520f9ab70d00bd1a757f4d5daebb0f39f275c33383daf48d69b;NLinear:b1dbc8479b864d268b131b618bc290c5e6cea9efdef339735231b678155f5af6;LSTM:8597a17c97d6f08da69508a6a772a3906c17a724aa058884066ca93a1cf0cd79;DLinear:3011c0eca2fb28a8cdbed738ee211c2663d134e016f8ad823f8fc73ee67d65ff;NConv:d9b0fb32e04aaaa11eadad287deded082e5204fac2a3842d006947067e229756,fa1b7f4a7fd35539429c4ea286c49f395631b7b26a0e878b80abca611d062ba9,standardized OT,per-origin normal CI; RMSE uses delta method from MSE
Dynamic PGE,projective VMP,historical 2026 precision gate,ETTh1,720,0.11202406131950418,0.0051125984184676124,0.33469995715491835,0.007637584512897336,0.3763254193153837,0.01399050305273953,0.988256549232159,0.003663923265042975,1.677081543793096,0.0006641828897038068,3321,historical_dynamic_pge_2026,../probabilistic_ensemble_forecasting/paper/results_vae_std/dynamic/ETTh1_h720_OT_dynamic_10896275358620740533.jld2,2ef5b25b86ff80000771d7bfd65e3b5af8d3971282c10bcd5ede07bdae50fe3f,eaca4503edd87797ae6cc3dd7ed784a4cd8a84dbdb1f7a347db82ce041e841ae,CNN:3c163c6c75349520f9ab70d00bd1a757f4d5daebb0f39f275c33383daf48d69b;NLinear:b1dbc8479b864d268b131b618bc290c5e6cea9efdef339735231b678155f5af6;LSTM:8597a17c97d6f08da69508a6a772a3906c17a724aa058884066ca93a1cf0cd79;DLinear:3011c0eca2fb28a8cdbed738ee211c2663d134e016f8ad823f8fc73ee67d65ff;NConv:d9b0fb32e04aaaa11eadad287deded082e5204fac2a3842d006947067e229756,fa1b7f4a7fd35539429c4ea286c49f395631b7b26a0e878b80abca611d062ba9,standardized OT,per-origin normal CI; RMSE uses delta method from MSE
Precision-gated ensemble,NGMP,"affine independent-expert, pre-existing",ETTh1,720,0.10887599170814552,0.005266952880292847,0.3299636217951087,0.007981111450466755,0.35710484909925766,0.015339048865865125,0.9831376091538693,0.004379054839258963,1.6308230628249187,0.0030079424515418994,3321,linear2_ngmp,results/etth_ct_table/ETTh1_h720_linear2_ngmp.jls,2ef5b25b86ff80000771d7bfd65e3b5af8d3971282c10bcd5ede07bdae50fe3f,eaca4503edd87797ae6cc3dd7ed784a4cd8a84dbdb1f7a347db82ce041e841ae,CNN:3c163c6c75349520f9ab70d00bd1a757f4d5daebb0f39f275c33383daf48d69b;NLinear:b1dbc8479b864d268b131b618bc290c5e6cea9efdef339735231b678155f5af6;LSTM:8597a17c97d6f08da69508a6a772a3906c17a724aa058884066ca93a1cf0cd79;DLinear:3011c0eca2fb28a8cdbed738ee211c2663d134e016f8ad823f8fc73ee67d65ff;NConv:d9b0fb32e04aaaa11eadad287deded082e5204fac2a3842d006947067e229756,fa1b7f4a7fd35539429c4ea286c49f395631b7b26a0e878b80abca611d062ba9,standardized OT,per-origin normal CI; RMSE uses delta method from MSE
Neural MoE,Adam,affine,ETTh2,96,0.3387916956388713,0.01556415548139663,0.5820581548598656,0.013369931639514445,3.0584419277877113e23,2.285848422003983e23,0.0,0.0,3.2085969238371415e-5,4.074109842688463e-6,3446,adam_affine,../probabilistic_ensemble_forecasting/paper/results_vae_std/neural_ensemble/ETTh2_h96_neural_ensemble_9ad8368a.jld2,3f2e346143d1c7cfe45e00e150467e5db42f655fa2c7fabfd455fe64312a66f8,001a8308fd67d32eb6e13a6131e53922637571cfc0fc1b264f042f621ce856ec,CNN:87ae1730b90963f8fbe7e71e6f7aea5eb2850168545924f565068d89d1c2a23e;NLinear:b4bc756c86e0a0115f4283f476d5e34b0fb31a582bb8f962e6c572607dd2a5cd;LSTM:c00034052943dcc39afc01532b0788571c70c6ed23eafab299bad70381ce352f;DLinear:a6686f726e978ecdf8ce52b3083e23093981ad2b43aa5dec909cda498a533671;NConv:fc22e7ace87ace5911b2e67be50d2f70d98fe0f92393fca5d57a30b55fa47653,18bb3c1c92d1fa6a8ef72216007699a05e0658412f93732d337a640b2c8e2bb1,standardized OT,per-origin normal CI; RMSE uses delta method from MSE
Neural MoE,Adam,two-layer ReLU,ETTh2,96,0.3126737597142399,0.014275991364925557,0.5591723881901178,0.012765286400436263,1.1332556898290053e31,9.771621167429816e30,0.0,0.0,3.8742558913990317e-7,7.199952929921997e-8,3446,adam_relu2,../probabilistic_ensemble_forecasting/paper/results_vae_std/neural_ensemble_big/ETTh2_h96_neural_ensemble_ee4e39a0.jld2,3f2e346143d1c7cfe45e00e150467e5db42f655fa2c7fabfd455fe64312a66f8,001a8308fd67d32eb6e13a6131e53922637571cfc0fc1b264f042f621ce856ec,CNN:87ae1730b90963f8fbe7e71e6f7aea5eb2850168545924f565068d89d1c2a23e;NLinear:b4bc756c86e0a0115f4283f476d5e34b0fb31a582bb8f962e6c572607dd2a5cd;LSTM:c00034052943dcc39afc01532b0788571c70c6ed23eafab299bad70381ce352f;DLinear:a6686f726e978ecdf8ce52b3083e23093981ad2b43aa5dec909cda498a533671;NConv:fc22e7ace87ace5911b2e67be50d2f70d98fe0f92393fca5d57a30b55fa47653,18bb3c1c92d1fa6a8ef72216007699a05e0658412f93732d337a640b2c8e2bb1,standardized OT,per-origin normal CI; RMSE uses delta method from MSE
Bayesian neural MoE,IVON,"affine, K=1000",ETTh2,96,0.3387858348296119,0.01556423405790741,0.582053120281656,0.0133701147846917,5.990406226502316e21,6.439756152403862e21,0.0,0.0,3.284509597349799e-5,8.842234622020345e-6,3446,ivon_affine_k1000,paper_materials/ivon/moe/checkpoints/ETTh2_h96_moe_ivon.jld2,3f2e346143d1c7cfe45e00e150467e5db42f655fa2c7fabfd455fe64312a66f8,001a8308fd67d32eb6e13a6131e53922637571cfc0fc1b264f042f621ce856ec,CNN:87ae1730b90963f8fbe7e71e6f7aea5eb2850168545924f565068d89d1c2a23e;NLinear:b4bc756c86e0a0115f4283f476d5e34b0fb31a582bb8f962e6c572607dd2a5cd;LSTM:c00034052943dcc39afc01532b0788571c70c6ed23eafab299bad70381ce352f;DLinear:a6686f726e978ecdf8ce52b3083e23093981ad2b43aa5dec909cda498a533671;NConv:fc22e7ace87ace5911b2e67be50d2f70d98fe0f92393fca5d57a30b55fa47653,18bb3c1c92d1fa6a8ef72216007699a05e0658412f93732d337a640b2c8e2bb1,standardized OT,per-origin normal CI; RMSE uses delta method from MSE
Bayesian neural MoE,IVON,"two-layer ReLU, K=1000",ETTh2,96,0.3387877730836284,0.015563983925973477,0.5820547852939862,0.01336986166870217,1.949430906362849e18,1.3836381958008684e18,0.0,0.0,1.1890843598560305e-5,1.8711935897766184e-6,3446,ivon_relu2_k1000,paper_materials/ivon/moe/checkpoints/ETTh2_h96_moe_big_ivon.jld2,3f2e346143d1c7cfe45e00e150467e5db42f655fa2c7fabfd455fe64312a66f8,001a8308fd67d32eb6e13a6131e53922637571cfc0fc1b264f042f621ce856ec,CNN:87ae1730b90963f8fbe7e71e6f7aea5eb2850168545924f565068d89d1c2a23e;NLinear:b4bc756c86e0a0115f4283f476d5e34b0fb31a582bb8f962e6c572607dd2a5cd;LSTM:c00034052943dcc39afc01532b0788571c70c6ed23eafab299bad70381ce352f;DLinear:a6686f726e978ecdf8ce52b3083e23093981ad2b43aa5dec909cda498a533671;NConv:fc22e7ace87ace5911b2e67be50d2f70d98fe0f92393fca5d57a30b55fa47653,18bb3c1c92d1fa6a8ef72216007699a05e0658412f93732d337a640b2c8e2bb1,standardized OT,per-origin normal CI; RMSE uses delta method from MSE
Dynamic PGE,projective VMP,historical 2026 precision gate,ETTh2,96,0.3459760886662,0.014152665478880893,0.5881973211994423,0.012030542276205041,0.9341783413604852,0.03057518218586845,0.8993035403366222,0.010047330929279903,1.8946853858244248,0.0018779450419959584,3446,historical_dynamic_pge_2026,../probabilistic_ensemble_forecasting/paper/results_vae_std/dynamic/ETTh2_h96_OT_dynamic_12597102707306126308.jld2,3f2e346143d1c7cfe45e00e150467e5db42f655fa2c7fabfd455fe64312a66f8,001a8308fd67d32eb6e13a6131e53922637571cfc0fc1b264f042f621ce856ec,CNN:87ae1730b90963f8fbe7e71e6f7aea5eb2850168545924f565068d89d1c2a23e;NLinear:b4bc756c86e0a0115f4283f476d5e34b0fb31a582bb8f962e6c572607dd2a5cd;LSTM:c00034052943dcc39afc01532b0788571c70c6ed23eafab299bad70381ce352f;DLinear:a6686f726e978ecdf8ce52b3083e23093981ad2b43aa5dec909cda498a533671;NConv:fc22e7ace87ace5911b2e67be50d2f70d98fe0f92393fca5d57a30b55fa47653,18bb3c1c92d1fa6a8ef72216007699a05e0658412f93732d337a640b2c8e2bb1,standardized OT,per-origin normal CI; RMSE uses delta method from MSE
Precision-gated ensemble,NGMP,"affine independent-expert, pre-existing",ETTh2,96,0.31712026384664505,0.01399956716619956,0.5631343213183202,0.012430042563758154,0.939731679343327,0.038613884795959605,0.8621590249564712,0.01150994668815255,1.6706208320871747,0.0008624455392522772,3446,linear2_ngmp,results/etth_ct_table/ETTh2_h96_linear2_ngmp.jls,3f2e346143d1c7cfe45e00e150467e5db42f655fa2c7fabfd455fe64312a66f8,001a8308fd67d32eb6e13a6131e53922637571cfc0fc1b264f042f621ce856ec,CNN:87ae1730b90963f8fbe7e71e6f7aea5eb2850168545924f565068d89d1c2a23e;NLinear:b4bc756c86e0a0115f4283f476d5e34b0fb31a582bb8f962e6c572607dd2a5cd;LSTM:c00034052943dcc39afc01532b0788571c70c6ed23eafab299bad70381ce352f;DLinear:a6686f726e978ecdf8ce52b3083e23093981ad2b43aa5dec909cda498a533671;NConv:fc22e7ace87ace5911b2e67be50d2f70d98fe0f92393fca5d57a30b55fa47653,18bb3c1c92d1fa6a8ef72216007699a05e0658412f93732d337a640b2c8e2bb1,standardized OT,per-origin normal CI; RMSE uses delta method from MSE
Neural MoE,Adam,affine,ETTh2,192,0.3197905062193549,0.0157460492419411,0.5655002265422666,0.01392223071086976,2.8849968224291143e23,2.5056781497547247e23,0.0,0.0,6.810318787190054e-6,1.0920144133894399e-6,3426,adam_affine,../probabilistic_ensemble_forecasting/paper/results_vae_std/neural_ensemble/ETTh2_h192_neural_ensemble_3183f04c.jld2,3f436ae8874eb22cce0e5eb975fb053ce0fa401c5580372ab4b651b6bf71e1c1,f52098374ff8088fc83aec737a82a5a2b7e11e9d77af2459f60189428ff49cd5,CNN:fa87ac10afd541441df421b1d10a6f9f2e78d3bcd27d57be90d1bddb7dc5c65a;NLinear:1c8194108b7e52c77ba49d768d13a4acec6e699102071ec5a3869c8f6f7935ef;LSTM:440a566ee7683dab30e0d44cac0aacb1d5747c16bab4f603127cd1161dea0a90;DLinear:f836f814be8c10d6275a59bf4d4aaf5f5b30751004698cfde51d2608f97f72f1;NConv:3a7379d8b3128ac3af31808f8fad27d1f46e99fdbb16acfcff64fb151ee095f3,18bb3c1c92d1fa6a8ef72216007699a05e0658412f93732d337a640b2c8e2bb1,standardized OT,per-origin normal CI; RMSE uses delta method from MSE
Neural MoE,Adam,two-layer ReLU,ETTh2,192,0.31979050631078515,0.015746049246138587,0.5655002266231068,0.01392223071259083,7.054259238777381e24,6.049127018953337e24,0.0,0.0,6.818550749769643e-6,1.0480236164222509e-6,3426,adam_relu2,../probabilistic_ensemble_forecasting/paper/results_vae_std/neural_ensemble_big/ETTh2_h192_neural_ensemble_3d3b285d.jld2,3f436ae8874eb22cce0e5eb975fb053ce0fa401c5580372ab4b651b6bf71e1c1,f52098374ff8088fc83aec737a82a5a2b7e11e9d77af2459f60189428ff49cd5,CNN:fa87ac10afd541441df421b1d10a6f9f2e78d3bcd27d57be90d1bddb7dc5c65a;NLinear:1c8194108b7e52c77ba49d768d13a4acec6e699102071ec5a3869c8f6f7935ef;LSTM:440a566ee7683dab30e0d44cac0aacb1d5747c16bab4f603127cd1161dea0a90;DLinear:f836f814be8c10d6275a59bf4d4aaf5f5b30751004698cfde51d2608f97f72f1;NConv:3a7379d8b3128ac3af31808f8fad27d1f46e99fdbb16acfcff64fb151ee095f3,18bb3c1c92d1fa6a8ef72216007699a05e0658412f93732d337a640b2c8e2bb1,standardized OT,per-origin normal CI; RMSE uses delta method from MSE
Bayesian neural MoE,IVON,"affine, K=1000",ETTh2,192,0.2701415403707484,0.013430478318961995,0.5197514217111372,0.01292009772166267,304.6987273414222,52.20984394089151,0.025102159953298307,0.005238289687856335,0.03265553986022868,0.0013871817511155904,3426,ivon_affine_k1000,paper_materials/ivon/moe/checkpoints/ETTh2_h192_moe_ivon.jld2,3f436ae8874eb22cce0e5eb975fb053ce0fa401c5580372ab4b651b6bf71e1c1,f52098374ff8088fc83aec737a82a5a2b7e11e9d77af2459f60189428ff49cd5,CNN:fa87ac10afd541441df421b1d10a6f9f2e78d3bcd27d57be90d1bddb7dc5c65a;NLinear:1c8194108b7e52c77ba49d768d13a4acec6e699102071ec5a3869c8f6f7935ef;LSTM:440a566ee7683dab30e0d44cac0aacb1d5747c16bab4f603127cd1161dea0a90;DLinear:f836f814be8c10d6275a59bf4d4aaf5f5b30751004698cfde51d2608f97f72f1;NConv:3a7379d8b3128ac3af31808f8fad27d1f46e99fdbb16acfcff64fb151ee095f3,18bb3c1c92d1fa6a8ef72216007699a05e0658412f93732d337a640b2c8e2bb1,standardized OT,per-origin normal CI; RMSE uses delta method from MSE
Bayesian neural MoE,IVON,"two-layer ReLU, K=1000",ETTh2,192,0.3197772611156574,0.015745708807086506,0.5654885154586762,0.013922218026227222,113087.0549897609,68835.86999230177,0.0017513134851138354,0.001400089282969382,0.0008296136454208862,6.773568209317132e-5,3426,ivon_relu2_k1000,paper_materials/ivon/moe/checkpoints/ETTh2_h192_moe_big_ivon.jld2,3f436ae8874eb22cce0e5eb975fb053ce0fa401c5580372ab4b651b6bf71e1c1,f52098374ff8088fc83aec737a82a5a2b7e11e9d77af2459f60189428ff49cd5,CNN:fa87ac10afd541441df421b1d10a6f9f2e78d3bcd27d57be90d1bddb7dc5c65a;NLinear:1c8194108b7e52c77ba49d768d13a4acec6e699102071ec5a3869c8f6f7935ef;LSTM:440a566ee7683dab30e0d44cac0aacb1d5747c16bab4f603127cd1161dea0a90;DLinear:f836f814be8c10d6275a59bf4d4aaf5f5b30751004698cfde51d2608f97f72f1;NConv:3a7379d8b3128ac3af31808f8fad27d1f46e99fdbb16acfcff64fb151ee095f3,18bb3c1c92d1fa6a8ef72216007699a05e0658412f93732d337a640b2c8e2bb1,standardized OT,per-origin normal CI; RMSE uses delta method from MSE
Dynamic PGE,projective VMP,historical 2026 precision gate,ETTh2,192,0.3362169731015022,0.014764010865792,0.5798421967238174,0.012731059372024449,0.923663724594576,0.03275068088950156,0.8972562755399883,0.010166941306589483,1.881807469047942,0.0020326769600013997,3426,historical_dynamic_pge_2026,../probabilistic_ensemble_forecasting/paper/results_vae_std/dynamic/ETTh2_h192_OT_dynamic_15486108821046047225.jld2,3f436ae8874eb22cce0e5eb975fb053ce0fa401c5580372ab4b651b6bf71e1c1,f52098374ff8088fc83aec737a82a5a2b7e11e9d77af2459f60189428ff49cd5,CNN:fa87ac10afd541441df421b1d10a6f9f2e78d3bcd27d57be90d1bddb7dc5c65a;NLinear:1c8194108b7e52c77ba49d768d13a4acec6e699102071ec5a3869c8f6f7935ef;LSTM:440a566ee7683dab30e0d44cac0aacb1d5747c16bab4f603127cd1161dea0a90;DLinear:f836f814be8c10d6275a59bf4d4aaf5f5b30751004698cfde51d2608f97f72f1;NConv:3a7379d8b3128ac3af31808f8fad27d1f46e99fdbb16acfcff64fb151ee095f3,18bb3c1c92d1fa6a8ef72216007699a05e0658412f93732d337a640b2c8e2bb1,standardized OT,per-origin normal CI; RMSE uses delta method from MSE
Precision-gated ensemble,NGMP,"affine independent-expert, pre-existing",ETTh2,192,0.2924802944143182,0.013877249929406218,0.5408144731923492,0.012829954279413816,0.8601837290617924,0.03650439664539366,0.886456509048453,0.010623417503037217,1.7163946374102461,0.0008961279149987257,3426,linear2_ngmp,results/etth_ct_table/ETTh2_h192_linear2_ngmp.jls,3f436ae8874eb22cce0e5eb975fb053ce0fa401c5580372ab4b651b6bf71e1c1,f52098374ff8088fc83aec737a82a5a2b7e11e9d77af2459f60189428ff49cd5,CNN:fa87ac10afd541441df421b1d10a6f9f2e78d3bcd27d57be90d1bddb7dc5c65a;NLinear:1c8194108b7e52c77ba49d768d13a4acec6e699102071ec5a3869c8f6f7935ef;LSTM:440a566ee7683dab30e0d44cac0aacb1d5747c16bab4f603127cd1161dea0a90;DLinear:f836f814be8c10d6275a59bf4d4aaf5f5b30751004698cfde51d2608f97f72f1;NConv:3a7379d8b3128ac3af31808f8fad27d1f46e99fdbb16acfcff64fb151ee095f3,18bb3c1c92d1fa6a8ef72216007699a05e0658412f93732d337a640b2c8e2bb1,standardized OT,per-origin normal CI; RMSE uses delta method from MSE
Neural MoE,Adam,affine,ETTh2,336,0.2693984592893481,0.012533901865792197,0.5190360866927733,0.012074210432704686,5.824367513684461e19,3.774471953095091e19,0.0,0.0,3.010182252248088e-5,3.1779096906887965e-6,3398,adam_affine,../probabilistic_ensemble_forecasting/paper/results_vae_std/neural_ensemble/ETTh2_h336_neural_ensemble_3c99987b.jld2,ed8b7687b1579b548e0be7fec2be809d5af63ddb0c7ff777ff56c14646167e2e,2347a51d341b2ac10daa93005ce63d86705d51399464b05198f01e104fce3212,CNN:cf773897300cb94bf4a51501e839bb309de65f07d938973c4e7106fa23108f68;NLinear:e27c38c509aadf37396ab56e52f9317740e3d084e05e381d3257bb37dcbb106a;LSTM:266469ac4e17517451cec080067dc23fdb399d6eea62f716e48506c7b0ca7ffe;DLinear:3c5eaf74033aef899128e578ffcd6fee70e601eabaf083ba2bd0241c42b6bf6d;NConv:cee97cf809de3bba5252d9e439901e0da9f085b495abe27b94d5e2fc3642e114,18bb3c1c92d1fa6a8ef72216007699a05e0658412f93732d337a640b2c8e2bb1,standardized OT,per-origin normal CI; RMSE uses delta method from MSE
Neural MoE,Adam,two-layer ReLU,ETTh2,336,0.2693984592892612,0.012533901865774808,0.5190360866926896,0.012074210432689884,1.449633082163424e23,1.2197650848795253e23,0.0,0.0,3.878080772806869e-6,4.7520052029144996e-7,3398,adam_relu2,../probabilistic_ensemble_forecasting/paper/results_vae_std/neural_ensemble_big/ETTh2_h336_neural_ensemble_6e5203ef.jld2,ed8b7687b1579b548e0be7fec2be809d5af63ddb0c7ff777ff56c14646167e2e,2347a51d341b2ac10daa93005ce63d86705d51399464b05198f01e104fce3212,CNN:cf773897300cb94bf4a51501e839bb309de65f07d938973c4e7106fa23108f68;NLinear:e27c38c509aadf37396ab56e52f9317740e3d084e05e381d3257bb37dcbb106a;LSTM:266469ac4e17517451cec080067dc23fdb399d6eea62f716e48506c7b0ca7ffe;DLinear:3c5eaf74033aef899128e578ffcd6fee70e601eabaf083ba2bd0241c42b6bf6d;NConv:cee97cf809de3bba5252d9e439901e0da9f085b495abe27b94d5e2fc3642e114,18bb3c1c92d1fa6a8ef72216007699a05e0658412f93732d337a640b2c8e2bb1,standardized OT,per-origin normal CI; RMSE uses delta method from MSE
Bayesian neural MoE,IVON,"affine, K=1000",ETTh2,336,0.34449544675398724,0.016700409644820727,0.5869373448282085,0.014226739695451475,378795.9722353715,106830.61620371274,0.0379635079458505,0.006425624529010377,0.04112426650043682,0.0018968397758631936,3398,ivon_affine_k1000,paper_materials/ivon/moe/checkpoints/ETTh2_h336_moe_ivon.jld2,ed8b7687b1579b548e0be7fec2be809d5af63ddb0c7ff777ff56c14646167e2e,2347a51d341b2ac10daa93005ce63d86705d51399464b05198f01e104fce3212,CNN:cf773897300cb94bf4a51501e839bb309de65f07d938973c4e7106fa23108f68;NLinear:e27c38c509aadf37396ab56e52f9317740e3d084e05e381d3257bb37dcbb106a;LSTM:266469ac4e17517451cec080067dc23fdb399d6eea62f716e48506c7b0ca7ffe;DLinear:3c5eaf74033aef899128e578ffcd6fee70e601eabaf083ba2bd0241c42b6bf6d;NConv:cee97cf809de3bba5252d9e439901e0da9f085b495abe27b94d5e2fc3642e114,18bb3c1c92d1fa6a8ef72216007699a05e0658412f93732d337a640b2c8e2bb1,standardized OT,per-origin normal CI; RMSE uses delta method from MSE
Bayesian neural MoE,IVON,"two-layer ReLU, K=1000",ETTh2,336,0.34499321944501166,0.01671812493204182,0.5873612342034599,0.014231552883051455,2.0843112773262789e6,580451.0325441301,0.0002942907592701589,0.0005767144095568033,0.0012197383219162289,0.00010837735692397838,3398,ivon_relu2_k1000,paper_materials/ivon/moe/checkpoints/ETTh2_h336_moe_big_ivon.jld2,ed8b7687b1579b548e0be7fec2be809d5af63ddb0c7ff777ff56c14646167e2e,2347a51d341b2ac10daa93005ce63d86705d51399464b05198f01e104fce3212,CNN:cf773897300cb94bf4a51501e839bb309de65f07d938973c4e7106fa23108f68;NLinear:e27c38c509aadf37396ab56e52f9317740e3d084e05e381d3257bb37dcbb106a;LSTM:266469ac4e17517451cec080067dc23fdb399d6eea62f716e48506c7b0ca7ffe;DLinear:3c5eaf74033aef899128e578ffcd6fee70e601eabaf083ba2bd0241c42b6bf6d;NConv:cee97cf809de3bba5252d9e439901e0da9f085b495abe27b94d5e2fc3642e114,18bb3c1c92d1fa6a8ef72216007699a05e0658412f93732d337a640b2c8e2bb1,standardized OT,per-origin normal CI; RMSE uses delta method from MSE
Dynamic PGE,projective VMP,historical 2026 precision gate,ETTh2,336,0.35288550117950285,0.015186134021738056,0.594041666198174,0.0127820444977608,0.9611853903165961,0.03342775406325002,0.883166568569747,0.010800435814787101,1.8880154701055702,0.001949604121457388,3398,historical_dynamic_pge_2026,../probabilistic_ensemble_forecasting/paper/results_vae_std/dynamic/ETTh2_h336_OT_dynamic_12474563808751874325.jld2,ed8b7687b1579b548e0be7fec2be809d5af63ddb0c7ff777ff56c14646167e2e,2347a51d341b2ac10daa93005ce63d86705d51399464b05198f01e104fce3212,CNN:cf773897300cb94bf4a51501e839bb309de65f07d938973c4e7106fa23108f68;NLinear:e27c38c509aadf37396ab56e52f9317740e3d084e05e381d3257bb37dcbb106a;LSTM:266469ac4e17517451cec080067dc23fdb399d6eea62f716e48506c7b0ca7ffe;DLinear:3c5eaf74033aef899128e578ffcd6fee70e601eabaf083ba2bd0241c42b6bf6d;NConv:cee97cf809de3bba5252d9e439901e0da9f085b495abe27b94d5e2fc3642e114,18bb3c1c92d1fa6a8ef72216007699a05e0658412f93732d337a640b2c8e2bb1,standardized OT,per-origin normal CI; RMSE uses delta method from MSE
Precision-gated ensemble,NGMP,"affine independent-expert, pre-existing",ETTh2,336,0.29842937380750917,0.01360751552154598,0.5462868969758556,0.01245455052727303,0.8701899232970777,0.03482849878952236,0.8899352560329605,0.010523003715372646,1.7383383025284715,0.000977394017694887,3398,linear2_ngmp,results/etth_ct_table/ETTh2_h336_linear2_ngmp.jls,ed8b7687b1579b548e0be7fec2be809d5af63ddb0c7ff777ff56c14646167e2e,2347a51d341b2ac10daa93005ce63d86705d51399464b05198f01e104fce3212,CNN:cf773897300cb94bf4a51501e839bb309de65f07d938973c4e7106fa23108f68;NLinear:e27c38c509aadf37396ab56e52f9317740e3d084e05e381d3257bb37dcbb106a;LSTM:266469ac4e17517451cec080067dc23fdb399d6eea62f716e48506c7b0ca7ffe;DLinear:3c5eaf74033aef899128e578ffcd6fee70e601eabaf083ba2bd0241c42b6bf6d;NConv:cee97cf809de3bba5252d9e439901e0da9f085b495abe27b94d5e2fc3642e114,18bb3c1c92d1fa6a8ef72216007699a05e0658412f93732d337a640b2c8e2bb1,standardized OT,per-origin normal CI; RMSE uses delta method from MSE
Neural MoE,Adam,affine,ETTh2,720,0.3845348240439801,0.016044451918959018,0.6201087195355183,0.012936805606424013,2.0804087982672105e19,1.3582769085386076e19,0.0,0.0,1.8827166555090223e-5,1.8935923510639413e-6,3321,adam_affine,../probabilistic_ensemble_forecasting/paper/results_vae_std/neural_ensemble/ETTh2_h720_neural_ensemble_e93af04c.jld2,edd3db773c8dc794b265906b536b6cd3a5125c16d3adeefabbb955b846254637,24733ffc67671da9fd5f67d7df8613af08f6d170817f351eb1be7ce4e9ae3255,CNN:07a3388b2bee76ae3b82234ad58f4df597c00d0e2424d5cf642e2b798ad9bed8;NLinear:0c31c4d31d5507b2ae6d308580e3bb65e04465bc66a7292f5a2a078b628be19d;LSTM:fe38115ecf1223ae4f3c6336b00f006483458a5c508240aa8e88b2c45cc954bc;DLinear:3be277fdb13e3b44719bfb1a8a2e298e36c1926d0cb9ef8eb20a2190bd81a567;NConv:b89074db2e96fd703bf4b8067f555aebfa4024bc4e2315f3773d7170c4e6dd65,18bb3c1c92d1fa6a8ef72216007699a05e0658412f93732d337a640b2c8e2bb1,standardized OT,per-origin normal CI; RMSE uses delta method from MSE
Neural MoE,Adam,two-layer ReLU,ETTh2,720,0.3845348257802248,0.016044451949463953,0.6201087209354702,0.012936805601814438,4.686585477456812e38,4.760691984028798e38,0.0,0.0,9.068884049861957e-10,1.7281353570537222e-10,3321,adam_relu2,../probabilistic_ensemble_forecasting/paper/results_vae_std/neural_ensemble_big/ETTh2_h720_neural_ensemble_87433037.jld2,edd3db773c8dc794b265906b536b6cd3a5125c16d3adeefabbb955b846254637,24733ffc67671da9fd5f67d7df8613af08f6d170817f351eb1be7ce4e9ae3255,CNN:07a3388b2bee76ae3b82234ad58f4df597c00d0e2424d5cf642e2b798ad9bed8;NLinear:0c31c4d31d5507b2ae6d308580e3bb65e04465bc66a7292f5a2a078b628be19d;LSTM:fe38115ecf1223ae4f3c6336b00f006483458a5c508240aa8e88b2c45cc954bc;DLinear:3be277fdb13e3b44719bfb1a8a2e298e36c1926d0cb9ef8eb20a2190bd81a567;NConv:b89074db2e96fd703bf4b8067f555aebfa4024bc4e2315f3773d7170c4e6dd65,18bb3c1c92d1fa6a8ef72216007699a05e0658412f93732d337a640b2c8e2bb1,standardized OT,per-origin normal CI; RMSE uses delta method from MSE
Bayesian neural MoE,IVON,"affine, K=1000",ETTh2,720,0.6803877309999294,0.02980343427360552,0.8248561880715507,0.018065836629827327,322090.84089865227,74792.8420928703,0.0018066847335140017,0.0014443158231947262,0.004015580543393106,0.00015177488021925014,3321,ivon_affine_k1000,paper_materials/ivon/moe/checkpoints/ETTh2_h720_moe_ivon.jld2,edd3db773c8dc794b265906b536b6cd3a5125c16d3adeefabbb955b846254637,24733ffc67671da9fd5f67d7df8613af08f6d170817f351eb1be7ce4e9ae3255,CNN:07a3388b2bee76ae3b82234ad58f4df597c00d0e2424d5cf642e2b798ad9bed8;NLinear:0c31c4d31d5507b2ae6d308580e3bb65e04465bc66a7292f5a2a078b628be19d;LSTM:fe38115ecf1223ae4f3c6336b00f006483458a5c508240aa8e88b2c45cc954bc;DLinear:3be277fdb13e3b44719bfb1a8a2e298e36c1926d0cb9ef8eb20a2190bd81a567;NConv:b89074db2e96fd703bf4b8067f555aebfa4024bc4e2315f3773d7170c4e6dd65,18bb3c1c92d1fa6a8ef72216007699a05e0658412f93732d337a640b2c8e2bb1,standardized OT,per-origin normal CI; RMSE uses delta method from MSE
Bayesian neural MoE,IVON,"two-layer ReLU, K=1000",ETTh2,720,0.38458923568860737,0.016044497862868174,0.6201525906489526,0.012935927467527442,1.1263176867014102e6,218113.768498597,0.0,0.0,0.00045886369562830144,4.802674661520548e-5,3321,ivon_relu2_k1000,paper_materials/ivon/moe/checkpoints/ETTh2_h720_moe_big_ivon.jld2,edd3db773c8dc794b265906b536b6cd3a5125c16d3adeefabbb955b846254637,24733ffc67671da9fd5f67d7df8613af08f6d170817f351eb1be7ce4e9ae3255,CNN:07a3388b2bee76ae3b82234ad58f4df597c00d0e2424d5cf642e2b798ad9bed8;NLinear:0c31c4d31d5507b2ae6d308580e3bb65e04465bc66a7292f5a2a078b628be19d;LSTM:fe38115ecf1223ae4f3c6336b00f006483458a5c508240aa8e88b2c45cc954bc;DLinear:3be277fdb13e3b44719bfb1a8a2e298e36c1926d0cb9ef8eb20a2190bd81a567;NConv:b89074db2e96fd703bf4b8067f555aebfa4024bc4e2315f3773d7170c4e6dd65,18bb3c1c92d1fa6a8ef72216007699a05e0658412f93732d337a640b2c8e2bb1,standardized OT,per-origin normal CI; RMSE uses delta method from MSE
Dynamic PGE,projective VMP,historical 2026 precision gate,ETTh2,720,0.3213201183428992,0.014870186688942003,0.5668510548132545,0.013116484976676009,0.8699268799577946,0.02993894411350506,0.9177958446251129,0.009341864903248632,1.975590007977301,0.0024499342172104085,3321,historical_dynamic_pge_2026,../probabilistic_ensemble_forecasting/paper/results_vae_std/dynamic/ETTh2_h720_OT_dynamic_501651102939953676.jld2,edd3db773c8dc794b265906b536b6cd3a5125c16d3adeefabbb955b846254637,24733ffc67671da9fd5f67d7df8613af08f6d170817f351eb1be7ce4e9ae3255,CNN:07a3388b2bee76ae3b82234ad58f4df597c00d0e2424d5cf642e2b798ad9bed8;NLinear:0c31c4d31d5507b2ae6d308580e3bb65e04465bc66a7292f5a2a078b628be19d;LSTM:fe38115ecf1223ae4f3c6336b00f006483458a5c508240aa8e88b2c45cc954bc;DLinear:3be277fdb13e3b44719bfb1a8a2e298e36c1926d0cb9ef8eb20a2190bd81a567;NConv:b89074db2e96fd703bf4b8067f555aebfa4024bc4e2315f3773d7170c4e6dd65,18bb3c1c92d1fa6a8ef72216007699a05e0658412f93732d337a640b2c8e2bb1,standardized OT,per-origin normal CI; RMSE uses delta method from MSE
Precision-gated ensemble,NGMP,"affine independent-expert, pre-existing",ETTh2,720,0.37226288482043685,0.017437356391398033,0.6101334975400358,0.014289787777349357,0.9773934954409064,0.035731670646391454,0.8876844323998796,0.01073897751638483,1.9452518774331955,0.0006782738369794978,3321,linear2_ngmp,results/etth_ct_table/ETTh2_h720_linear2_ngmp.jls,edd3db773c8dc794b265906b536b6cd3a5125c16d3adeefabbb955b846254637,24733ffc67671da9fd5f67d7df8613af08f6d170817f351eb1be7ce4e9ae3255,CNN:07a3388b2bee76ae3b82234ad58f4df597c00d0e2424d5cf642e2b798ad9bed8;NLinear:0c31c4d31d5507b2ae6d308580e3bb65e04465bc66a7292f5a2a078b628be19d;LSTM:fe38115ecf1223ae4f3c6336b00f006483458a5c508240aa8e88b2c45cc954bc;DLinear:3be277fdb13e3b44719bfb1a8a2e298e36c1926d0cb9ef8eb20a2190bd81a567;NConv:b89074db2e96fd703bf4b8067f555aebfa4024bc4e2315f3773d7170c4e6dd65,18bb3c1c92d1fa6a8ef72216007699a05e0658412f93732d337a640b2c8e2bb1,standardized OT,per-origin normal CI; RMSE uses delta method from MSE
