epoch,training_nll,validation_lpd_standardized,validation_lpd_original,validation_rmse_standardized,validation_rmse_original
5,1.2087971655299052,-1.2840399140222345,-4.090426512169036,0.8554229482278851,14.157256833223618
10,1.1008748979591352,-1.1344031802866925,-3.9407897784334938,0.65473769606363,10.835914213229982
15,1.062213747049693,-1.106649162675029,-3.9130357608218302,0.6104367005527346,10.102732354348616
20,1.0366049796271382,-1.0882786537125642,-3.894665251859365,0.5790849677664688,9.583860915195785
25,1.024394105092513,-1.079745691373093,-3.886132289519894,0.5638140476980348,9.331127054959273
30,1.0104166383651807,-1.0744457560236353,-3.880832354170437,0.5538529315761523,9.166270513292543
35,1.005129006840914,-1.066227192783094,-3.872613790929895,0.5384420360897355,8.911220065057854
40,0.998102924520735,-1.0584571681469332,-3.8648437662937347,0.5237058618187107,8.667336257606044
45,0.9958863081120187,-1.0575057508559915,-3.8638923490027928,0.5214801486161403,8.630500696658071
50,0.9879704242129977,-1.0553409223335102,-3.8617275204803114,0.5172234010431798,8.560051490481753
55,0.986229966012694,-1.0510403418707694,-3.8574269400175707,0.5089644420701687,8.423365643836934
60,0.9832422484596857,-1.0527048073907033,-3.8590914055375043,0.5120879001923635,8.475058899556425
65,0.9806692009921268,-1.0493400900726793,-3.8557266882194803,0.5054144959749834,8.364614009665084
70,0.978407883243881,-1.0485830353371202,-3.8549696334839214,0.5040986488349106,8.34283672507407
75,0.9756958601857832,-1.0503849072212446,-3.856771505368046,0.5068245401718507,8.38795026669144
80,0.9748820057875819,-1.0426877051362857,-3.849074303283087,0.49167988758340925,8.137306124922304
85,0.9712905113359721,-1.04176467141854,-3.8481512695653413,0.48937900197658585,8.099226462655453
90,0.9702605935309431,-1.0437014923893426,-3.850088090536144,0.4933863338054848,8.165547837609079
95,0.9692393940129727,-1.0358552103903642,-3.8422418085371657,0.47704425187317273,7.895086236266757
100,0.9659524778667972,-1.032845152615066,-3.839231750761867,0.47047785704492057,7.78641234837325
105,0.9658438067356173,-1.0333304630590474,-3.8397170612058487,0.4717498146255948,7.807463252271286
110,0.9631253605266269,-1.030872607503282,-3.837259205650083,0.4660429871334676,7.713015219663975
115,0.962761136696493,-1.0277292111538854,-3.8341158093006866,0.4590761330725012,7.597713730721002
120,0.9614824243872572,-1.0257780135461587,-3.83216461169296,0.4551212659124809,7.532260637970629
125,0.960670648290099,-1.0241304076892095,-3.8305170058360107,0.4511086871366514,7.465852431738493
130,0.9587426815959189,-1.019355499711355,-3.825742097858156,0.43994650356972925,7.281118216717528
135,0.9652628908626182,-1.0285077866556307,-3.834894384802432,0.4618365735272459,7.643399027772229
140,0.9566417578027117,-1.0184106623663483,-3.8247972605131495,0.4383694450385087,7.255017873182235
145,0.9576043685277303,-1.0166117767811136,-3.8229983749279146,0.4345110918467859,7.191162094761789
150,0.9573397174727717,-1.0157727999270603,-3.8221593980738615,0.4324132683870756,7.156443097006933
155,0.9542147525780492,-1.0120400390939963,-3.8184266372407976,0.42321822552197874,7.0042650682069425
160,0.9538384776035372,-1.006950846433811,-3.813337444580612,0.41084793120033813,6.799536601274595
165,0.9537922757135021,-1.0078612781906213,-3.8142478763374226,0.4132908228121933,6.83996647354374
170,0.9541270338374076,-1.0103133796300916,-3.816699977776893,0.419575923780644,6.943984935130081
175,0.9531621331219479,-1.004129094752588,-3.810515692899389,0.4041185844864852,6.688165852422563
180,0.9515397685894863,-1.0039518569765784,-3.8103384551233797,0.40363056232388406,6.680089084898024
185,0.9516780499359973,-1.0036191026275962,-3.8100057007743975,0.40282170519543153,6.666702488343784
190,0.9501576420786284,-1.0031534672428664,-3.8095400653896676,0.4013853952011652,6.642931553657047
195,0.9511251368110986,-1.0017163094117578,-3.808102907558559,0.39791780615583244,6.585542916348915
200,0.95086404045137,-1.0032255410962476,-3.8096121392430486,0.401735503280955,6.648725835573341
205,0.9492957400475188,-1.0025479081132007,-3.8089345062600017,0.400423949175401,6.627019596301872
210,0.9488552104083182,-1.0015843792764723,-3.8079709774232735,0.3975246038961152,6.579035417625186
215,0.949552668513154,-1.0015133930073195,-3.8078999911541205,0.3975229087995281,6.579007356770901
220,0.94906866307453,-1.004446720988445,-3.810833319135246,0.40538910886972346,6.709193027821697
225,0.9497066913462943,-1.002473126104129,-3.8088597242509303,0.40001128096396327,6.620189944825988
230,0.9500402782460768,-1.0043415482079279,-3.8107281463547293,0.4051197757157601,6.704735562346125
235,0.9472225720076253,-0.9998450672996131,-3.8062316654464143,0.3930067464176844,6.5042648421561555
240,0.9475076818923585,-1.001242002941809,-3.8076286010886102,0.39639019484918014,6.560260943328027
245,0.9471851204224914,-0.9986324835050333,-3.8050190816518343,0.38997774035547905,6.454134763292896
250,0.9458168777916357,-0.9993485288509804,-3.8057351269977815,0.3924811832674158,6.495566749639836
255,0.9455719101343224,-0.9981244155514735,-3.8045110136982747,0.3886430898273286,6.4320462877398015
260,0.9467332591827539,-0.9990573320191241,-3.805443930165925,0.39120824143027333,6.474499560243314
265,0.948114739476348,-1.0032909486173727,-3.809677546764174,0.4025182205794549,6.661679797782605
270,0.94770591093196,-1.0108776023682,-3.8172642005150013,0.42023188775236575,6.954841172396475
275,0.9485101782732445,-0.9995158118110348,-3.8059024099578362,0.3926919080390767,6.499054244701486
280,0.9457561032091685,-0.9963137571961623,-3.8027003553429637,0.38412961254740396,6.357348192860168
285,0.9448268970997213,-0.9966593776361856,-3.803045975782987,0.3848244788085834,6.368848242341336
290,0.9461921413453649,-0.9954576327441771,-3.8018442308909783,0.38150460707246436,6.313904336838047
295,0.9509364352237692,-0.9994974464740284,-3.8058840446208295,0.3921495733580812,6.490078621263998
300,0.9449609010625515,-0.9947500528841462,-3.8011366510309474,0.3802174078263911,6.292601172368502
305,0.9486001316877863,-0.9931215278899646,-3.799508126036766,0.3752534883388853,6.210448273870011
310,0.9471894592689953,-0.9978595556276946,-3.804246153774496,0.38796266121250234,6.4207851861655305
315,0.9457788884782676,-0.9962874141185514,-3.802674012265353,0.3838156242651959,6.352151698610598
320,0.9449404206493204,-0.9955653901902414,-3.8019519883370427,0.38197121531992395,6.321626704262381
325,0.945588916754551,-0.9984983321987427,-3.804884930345544,0.3897352689064217,6.450121858348123
330,0.9439836789092286,-0.9979644096744241,-3.8043510078212255,0.3883406199483638,6.427040406513402
335,0.9437921181571284,-0.9963652914312215,-3.8027518895780226,0.3842037774346155,6.358575628310038
340,0.9449203311682319,-0.9983861660609172,-3.8047727642077183,0.3896512157703336,6.448730770754112
345,0.9436033721164547,-0.9954640858532838,-3.801850684000085,0.3819084259211293,6.320587539522081
350,0.9441885306394929,-0.9952570369973989,-3.8016436351442002,0.38138080935408447,6.311855483566213
355,0.9428946277220472,-0.9936979538315389,-3.8000845519783404,0.3772502169312192,6.243494143075378
360,0.9443422292919753,-0.996013744382016,-3.8024003425288173,0.38381067560691506,6.352069783255252
365,0.9442487033151037,-0.9945152736448712,-3.8009018717916723,0.3793240852509463,6.277816679455758
370,0.9428025438345308,-0.994179645684052,-3.800566243830853,0.3788620000080177,6.270169160206871
375,0.9442777314917933,-0.999442714256959,-3.8058293124037603,0.39211448850299563,6.489497964241362
380,0.943642269221427,-0.9954757280522921,-3.8018623261990934,0.382132071161864,6.324288866356816
385,0.9413122107370866,-0.9983993968126696,-3.804785994959471,0.3895856352000398,6.447645421342756
390,0.9435132536099111,-0.9949410742932717,-3.801327672440073,0.3801535421593116,6.291544207485153
395,0.9445536416783321,-0.996639559791345,-3.803026157938146,0.38515435295221656,6.374307657416925
400,0.9437931771758649,-0.9929792907598504,-3.7993658889066517,0.37523586947299514,6.21015667563742
405,0.9425214843498432,-0.9970209005957822,-3.803407498742583,0.38553979490822593,6.380686730757493
410,0.9406362331742577,-0.9947571516463517,-3.801143749793153,0.3799938974624564,6.288902072639517
415,0.9424719891959815,-0.995667040956421,-3.8020536391032222,0.38263496329664326,6.332611734336414
420,0.9433236788216827,-0.9961874885600244,-3.8025740867068256,0.38398046965418786,6.354879876069702
425,0.9403873797800901,-0.9965052623273332,-3.8028918604741344,0.384567245251038,6.3645910377761945
430,0.9413143440687971,-0.9934645349415525,-3.799851133088354,0.3766454717658971,6.2334856081864265
435,0.940515227026219,-0.9958245851398675,-3.8022111832866687,0.38339041294275655,6.345114429211548
440,0.9424071351972987,-0.9956507275884616,-3.802037325735263,0.3827904630199357,6.335185251844165
445,0.94212575167489,-0.9984904260124644,-3.8048770241592655,0.39011517857544936,6.456409362218982
450,0.9418480263339529,-0.9980740249263697,-3.804460623073171,0.3889840928638256,6.437689877585177
455,0.9418430932991796,-0.9981735635471877,-3.804560161693989,0.38909331872030173,6.439497574087942
460,0.9425640882347985,-0.9975715933988331,-3.803958191545634,0.3876524743828132,6.415651582310036
465,0.9421896690087352,-0.9966114509278895,-3.8029980490746906,0.3852761265316765,6.376323002034086
470,0.9416434697681766,-0.9944123500492029,-3.8007989481960043,0.37948577829901453,6.280492697059716
475,0.9407343995942772,-0.9928813419281102,-3.7992679400749116,0.3755378273425286,6.215154076377
480,0.9416330725454883,-0.9948800378482514,-3.8012666359950527,0.38033434765228197,6.294536538193787
485,0.9406779417031103,-0.9959339537246865,-3.802320551871488,0.38359554605638757,6.3485093814879505
490,0.9423486100112219,-0.9978666419117198,-3.804253240058521,0.38843219325608624,6.428555942938982
495,0.941485669401338,-0.9964498641547055,-3.8028364623015065,0.3850379853813423,6.372381768444137
500,0.9422884597766885,-0.9977637936925411,-3.8041503918393422,0.38846454115144435,6.429091291697901
