dataset,horizon,architecture,estimator,posterior_samples,learning_rate,ess_multiplier,best_epoch,nll_std,log_predictive_density_std,mse_std,rmse_std,mae_std,crps_std,coverage95_std,interval_width_std,interval_score_std,epistemic_variance_std,aleatoric_variance_std,total_variance_std,nll_ot,log_predictive_density_ot,mse_ot,rmse_ot,mae_ot,crps_ot,coverage95_ot,interval_width_ot,interval_score_ot,epistemic_variance_ot,aleatoric_variance_ot,total_variance_ot,gate_entropy,max_top_expert_share,switching_rate,checkpoint
ETTh1,96,moe,posterior_ensemble,10,0.001,1,11,129795.27395462735,-129795.27395462735,0.14693202270725125,0.3833171307250059,0.3006487248843055,0.292281895724274,0.054556006964596636,0.05546576202629779,11.05518817015638,6.88765791572344e-6,0.0010655422091897127,0.001072429867105436,129797.41888479865,-129797.41888479865,10.719613628438694,3.2740821047186177,2.5679744813084118,2.496509672067341,0.054556006964596636,0.47375774344184907,94.42727927068022,0.0005024978918892191,0.07773799459675594,0.07824049248864515,0.04046895275617549,1.0,0.0,/home/nimrais/repos/NGMP/paper_materials/ivon/moe/checkpoints/ETTh1_h96_moe_ivon.jld2
ETTh1,96,moe,posterior_ensemble,100,0.001,1,11,229.84897657959775,-229.84897657959775,0.14691140239629963,0.38329023258661266,0.30062481662928137,0.29044097146573533,0.08589669181659895,0.08727217372022382,10.542477430091843,4.578766824348649e-5,0.001361039469490517,0.001406827137734003,231.99390675089282,-231.99390675089282,10.718109247281838,3.2738523557548893,2.5677702702683742,2.480785519171738,0.08589669181659895,0.7454304525259223,90.04798879710464,0.003340497894698108,0.09929637513438719,0.10263687302908527,0.05829488903010023,0.9999825885084156,1.741654571843251e-5,/home/nimrais/repos/NGMP/paper_materials/ivon/moe/checkpoints/ETTh1_h96_moe_ivon.jld2
ETTh1,96,moe,posterior_ensemble,1000,0.001,1,11,10.277727596796973,-10.277727596796973,0.14681064865688875,0.38315877734548737,0.30052129840723046,0.29006762632754474,0.0943122460824144,0.09500124795098593,10.409558350719792,9.921693595969684e-5,0.0014193880451856726,0.0015186049811453696,12.422657768092058,-12.422657768092058,10.710758629368838,3.2727295380719807,2.5668860750911637,2.4775966122905833,0.0943122460824144,0.8114479132564588,88.91266782064686,0.007238498451794656,0.1035532700964063,0.11079176854820097,0.05977841435450498,0.998622460824144,0.0006357039187227867,/home/nimrais/repos/NGMP/paper_materials/ivon/moe/checkpoints/ETTh1_h96_moe_ivon.jld2
ETTh1,96,moe_big,posterior_ensemble,10,0.001,1,8,687062.3495918815,-687062.3495918815,0.14563392439220185,0.38162013101014713,0.2992488695303099,0.2934890139412088,0.0571677307022635,0.059594677582591175,10.902853699594715,0.0009332464356321383,0.0012754546222833324,0.0022087010579154706,687064.4945220528,-687064.4945220528,10.6249092057222,3.2595872753651194,2.556017694104451,2.5068202056583417,0.0571677307022635,0.5090246476607807,93.12612280252449,0.0680861872433775,0.09305242315165373,0.16113861039503122,0.02375782774775297,0.9967498549042368,0.001973875181422351,/home/nimrais/repos/NGMP/paper_materials/ivon/moe/checkpoints/ETTh1_h96_moe_big_ivon.jld2
ETTh1,96,moe_big,posterior_ensemble,100,0.001,1,8,189159.68898321353,-189159.68898321353,0.14679555174682712,0.38313907624624655,0.3004736193156034,0.2968744612058735,0.027278003482298318,0.030902937948152992,11.440979762414063,0.0001930401932662005,0.0003302097407963281,0.000523249934062529,189161.83391338482,-189161.83391338482,10.709657214987807,3.2725612622207407,2.566478826762945,2.535736816519804,0.027278003482298318,0.2639557379757803,97.72249685193657,0.014083494179452817,0.024090873946083904,0.03817436812553675,0.018886989110746783,0.9970458502611724,0.0012714078374455734,/home/nimrais/repos/NGMP/paper_materials/ivon/moe/checkpoints/ETTh1_h96_moe_big_ivon.jld2
ETTh1,96,moe_big,posterior_ensemble,1000,0.001,1,8,2216.890542886648,-2216.890542886648,0.14683474089604448,0.3831902150317052,0.30052571036004805,0.29714692848150553,0.0261172373766686,0.030335307086444503,11.45617487288322,0.0003173441670051661,0.0002439951891709503,0.0005613393561761164,2219.035473057943,-2219.035473057943,10.712516309488086,3.272998061332772,2.5669237595425205,2.5380640807085477,0.0261172373766686,0.2591073503159576,97.85228504891121,0.023152249556326436,0.01780098107219017,0.04095323062851661,0.016025423080747694,0.9973583865351132,0.0008235123367198838,/home/nimrais/repos/NGMP/paper_materials/ivon/moe/checkpoints/ETTh1_h96_moe_big_ivon.jld2
ETTh1,192,moe,posterior_ensemble,10,0.001,1,15,2.4310790372760663e9,-2.4310790372760663e9,0.1366142422652829,0.3696136391764824,0.2949347931605847,0.29212546966733266,0.017513134851138354,0.018768141797899613,11.442157420261672,1.0019628747679955e-5,0.00020338741177158755,0.0002134070405192675,2.43107903942302e9,-2.43107903942302e9,10.007285446904673,3.1634293807361455,2.5242720808796832,2.5002277937198625,0.017513134851138354,0.1606317648817853,97.93052291823263,0.0007339592365145828,0.014898562932794972,0.015632522169309555,0.011569402397327868,1.0,0.0,/home/nimrais/repos/NGMP/paper_materials/ivon/moe/checkpoints/ETTh1_h192_moe_ivon.jld2
ETTh1,192,moe,posterior_ensemble,100,0.001,1,15,8.6351476091485e7,-8.6351476091485e7,0.13654365610907745,0.3695181404330205,0.2948742336654506,0.29244197364696173,0.0198482194979568,0.020626777754070593,11.404536183322262,5.5511907904292624e-5,0.0001430952465446988,0.00019860715444899142,8.635147823843871e7,-8.635147823843871e7,10.002114859987563,3.162612031215268,2.52375376752248,2.5029366709964402,0.0198482194979568,0.1765393585651355,97.60853229435054,0.004066365987096738,0.010482032872438705,0.014548398859535442,0.009119097467400732,0.9995738470519556,0.00032116788321167884,/home/nimrais/repos/NGMP/paper_materials/ivon/moe/checkpoints/ETTh1_h192_moe_ivon.jld2
ETTh1,192,moe,posterior_ensemble,1000,0.001,1,15,35514.80073506843,-35514.80073506843,0.13655998515500523,0.36954023482566173,0.29489182361185695,0.29226485742753,0.023642732049036778,0.023584574405238045,11.348576029049985,3.967455380632985e-5,0.00015597132886263312,0.00019564588266896295,35516.947688792,-35516.947688792,10.003310997527581,3.162801131517374,2.523904315411869,2.501420778201998,0.023642732049036778,0.20185438982154008,97.12958352890489,0.00290624592527874,0.011425233442575422,0.014331479367854161,0.010728163162014113,0.9994856976065383,0.00026423357664233577,/home/nimrais/repos/NGMP/paper_materials/ivon/moe/checkpoints/ETTh1_h192_moe_ivon.jld2
ETTh1,192,moe_big,posterior_ensemble,10,0.001,1,7,8.233294737571039e12,-8.233294737571039e12,0.1366552376584544,0.36966909210597304,0.2950140588183769,0.2937528930955305,0.008464681844716871,0.008563502096961996,11.635641451495559,3.203521713005379e-6,5.666440925683827e-5,5.9867930969843636e-5,8.233294737573186e12,-8.233294737573186e12,10.01028844713856,3.163903988293349,2.524950495538033,2.5141564980261477,0.008464681844716871,0.07329284221189217,99.58650366199598,0.00023466481741449247,0.0041507891762286,0.0043854539936430915,0.004657278047124843,1.0,0.0,/home/nimrais/repos/NGMP/paper_materials/ivon/moe/checkpoints/ETTh1_h192_moe_big_ivon.jld2
ETTh1,192,moe_big,posterior_ensemble,100,0.001,1,7,2.4770151582239346e10,-2.4770151582239346e10,0.13673979791887325,0.36978344732947854,0.29509726522310925,0.2939115469883802,0.0072971395213076475,0.009825511117073218,11.61435165598655,1.8527663342238377e-6,4.63746452314447e-5,4.8227411565668526e-5,2.47701515843863e10,-2.47701515843863e10,10.016482667078185,3.1648827256437455,2.5256626380498246,2.515514376450567,0.0072971395213076475,0.08409405729115403,99.4042897026488,0.0001357190968200019,0.003397041952835536,0.003532761049655537,0.002832142889808038,1.0,0.0,/home/nimrais/repos/NGMP/paper_materials/ivon/moe/checkpoints/ETTh1_h192_moe_big_ivon.jld2
ETTh1,192,moe_big,posterior_ensemble,1000,0.001,1,7,2.2344171885100704e8,-2.2344171885100704e8,0.1366999944722695,0.3697296234713544,0.2950536140147029,0.29371297003749974,0.009632224168126095,0.011844104992680606,11.573440223878903,8.772384562263207e-6,5.074326321615577e-5,5.9515647778418974e-5,2.2344172099796078e8,-2.2344172099796078e8,10.013566979479808,3.1644220608951343,2.5252890384297326,2.51381480669943,0.009632224168126095,0.1013706902316972,99.05413913291962,0.0006425959322317074,0.003717052564149339,0.004359648496381046,0.004021030376942725,0.9999894921190893,1.343065693430657e-5,/home/nimrais/repos/NGMP/paper_materials/ivon/moe/checkpoints/ETTh1_h192_moe_big_ivon.jld2
ETTh1,336,moe,posterior_ensemble,10,0.001,1,13,9.16948555863542e9,-9.16948555863542e9,0.13534072358531804,0.367886835297647,0.29099052984357293,0.28697247168739015,0.029134785167745734,0.0285104420770974,11.169208906397325,1.6420967289897928e-5,0.00045567078949229395,0.00047209175678219193,9.169485560784042e9,-9.169485560784042e9,9.947159107412933,3.153911715221739,2.4946759520483877,2.4602289442315026,0.029134785167745734,0.2444214052953458,95.75417068442955,0.0012068944956339631,0.033490509904234175,0.03469740439986814,0.031114323955315853,1.0,0.0,/home/nimrais/repos/NGMP/paper_materials/ivon/moe/checkpoints/ETTh1_h336_moe_ivon.jld2
ETTh1,336,moe,posterior_ensemble,100,0.001,1,13,28302.007435164185,-28302.007435164185,0.1348987120537076,0.3672856001175483,0.2905608787526918,0.282809457024825,0.07004120070629782,0.06977285086997205,10.432154719491635,0.0002805086340452272,0.0008308095991543447,0.0011113182331995719,28304.15605856185,-28304.15605856185,9.914672514200147,3.1487572968077657,2.490992532368824,2.424539217241731,0.07004120070629782,0.5981660408836914,89.43536932543469,0.02061658856206703,0.061062147828288546,0.08167873639035557,0.0465074761102266,0.9897174808711007,0.0021548425080953784,/home/nimrais/repos/NGMP/paper_materials/ivon/moe/checkpoints/ETTh1_h336_moe_ivon.jld2
ETTh1,336,moe,posterior_ensemble,1000,0.001,1,13,429.0098227310357,-429.0098227310357,0.1348525621315816,0.3672227690810873,0.29053285077220237,0.28288338733688967,0.07416127133608005,0.07209085769690328,10.399767983043505,0.0001922120372957325,0.0008844756338855053,0.0010766876711812375,431.1584461286987,-431.1584461286987,9.91128062589025,3.148218643279124,2.490752247130163,2.4251730253994546,0.07416127133608005,0.6180384260466654,89.1577162601411,0.014127039273107985,0.06500644908509602,0.07913348835820398,0.0480378358917362,0.9957739846968805,0.001429496614659994,/home/nimrais/repos/NGMP/paper_materials/ivon/moe/checkpoints/ETTh1_h336_moe_ivon.jld2
ETTh1,336,moe_big,posterior_ensemble,10,0.001,1,5,8.797403060105411e6,-8.797403060105411e6,0.13506956710121507,0.36751811805843676,0.29044363686093155,0.27971409884516296,0.07769276044732196,0.0766488940073537,10.371328618488398,0.0003157152785140848,0.002026335622099642,0.002342050900613727,8.797405208728809e6,-8.797405208728809e6,9.927229875331662,3.1507506844134245,2.4899874119337904,2.398002561159039,0.07769276044732196,0.6571146928184967,88.91390420589555,0.0232041770194989,0.14892991779623002,0.17213409481572894,0.16592745692739114,0.966656856974691,0.013423609066823668,/home/nimrais/repos/NGMP/paper_materials/ivon/moe/checkpoints/ETTh1_h336_moe_big_ivon.jld2
ETTh1,336,moe_big,posterior_ensemble,100,0.001,1,5,5031.436861968317,-5031.436861968317,0.13517464556894274,0.36766104711941233,0.2904574287805804,0.2768800558443959,0.1347851677457328,0.13023815417620202,9.571515012993203,0.0005100964182781377,0.002435459866235393,0.002945556284513531,5033.58548536598,-5033.58548536598,9.934952844513155,3.1519760221983217,2.4901056507311115,2.37370617280274,0.1347851677457328,1.1165380242346656,82.05706330175143,0.037490639168450045,0.1789993887086779,0.21649002787712796,0.16192426141880167,0.9595291347851678,0.013279364144833676,/home/nimrais/repos/NGMP/paper_materials/ivon/moe/checkpoints/ETTh1_h336_moe_big_ivon.jld2
ETTh1,336,moe_big,posterior_ensemble,1000,0.001,1,5,58.64754354647923,-58.64754354647923,0.1352193738992756,0.3677218703031893,0.29048797315710895,0.2772076880492067,0.13213655091230136,0.12945713040306545,9.58732992307938,0.0006566688172564603,0.0021378986694578334,0.0027945674867142934,60.79616694414226,-60.79616694414226,9.938240249860515,3.152497462308338,2.4903675091552913,2.3765149796147607,0.13213655091230136,1.1098422694763603,82.19264529439224,0.048263294543485644,0.15712948517832845,0.20539277972181408,0.15522585824525106,0.9560344320188346,0.012548425080953782,/home/nimrais/repos/NGMP/paper_materials/ivon/moe/checkpoints/ETTh1_h336_moe_big_ivon.jld2
ETTh1,720,moe,posterior_ensemble,10,0.001,1,7,11448.830240791505,-11448.830240791505,0.29406453138114313,0.5422771721003412,0.42859846547158786,0.4127521594522271,0.059319482083709726,0.0974462979561611,15.353289914584078,0.0001879292433572236,0.002873569977409651,0.0030614992207668745,11450.988018562693,-11450.988018562693,22.01225846520811,4.691722334623833,3.708186692148764,3.5710861987159292,0.059319482083709726,0.8430946314345915,132.834972424176,0.014067480557825168,0.215101647123226,0.22916912768105116,0.12426455139933575,1.0,0.0,/home/nimrais/repos/NGMP/paper_materials/ivon/moe/checkpoints/ETTh1_h720_moe_ivon.jld2
ETTh1,720,moe,posterior_ensemble,100,0.001,1,7,1407.180011153668,-1407.180011153668,0.29510469297994457,0.5432353937106312,0.42935788791904334,0.41127441368963424,0.07798855766335441,0.1355260680381274,14.679095459366742,0.00013906233514616805,0.0030692733521665264,0.0032083356873126943,1409.3377889248568,-1409.3377889248568,22.090119966732498,4.700012762401023,3.7147571314765737,3.5583009052240437,0.07798855766335441,1.1725566058321475,127.00191629317324,0.010409538510597597,0.22975106181947952,0.2401606003300771,0.11744264549141649,1.0,0.0,/home/nimrais/repos/NGMP/paper_materials/ivon/moe/checkpoints/ETTh1_h720_moe_ivon.jld2
ETTh1,720,moe,posterior_ensemble,1000,0.001,1,7,168.4529455081356,-168.4529455081356,0.2946294740073285,0.5427978205624342,0.4289913580182815,0.41023868784716727,0.08762420957542909,0.14708747981952794,14.425091389378611,0.00019609417173258782,0.003174651183197768,0.003370745354930355,170.6107232793244,-170.6107232793244,22.05454735685784,4.696226927742934,3.7115859551664014,3.5493399193709454,0.08762420957542909,1.2725846665091018,124.80430107062399,0.014678667880907935,0.23763914013435875,0.25231780801526665,0.12187792951867982,0.9999503161698283,2.9518072289156626e-5,/home/nimrais/repos/NGMP/paper_materials/ivon/moe/checkpoints/ETTh1_h720_moe_ivon.jld2
ETTh1,720,moe_big,posterior_ensemble,10,0.001,1,1,1404.627407031851,-1404.627407031851,0.28653629336861175,0.5352908493226947,0.42288678240664346,0.3999212781301658,0.09123757904245709,0.14852131417216138,14.335270638796832,0.0001640696576798271,0.005713053433575325,0.005877123091255153,1406.7851848030398,-1406.7851848030398,21.448730724745385,4.631277439837241,3.658769839692482,3.46007482746742,0.09123757904245709,1.2849900433210109,124.02718183474505,0.01228146656852531,0.42765174097928926,0.4399332075478147,0.17006752328371313,1.0,0.0,/home/nimrais/repos/NGMP/paper_materials/ivon/moe/checkpoints/ETTh1_h720_moe_big_ivon.jld2
ETTh1,720,moe_big,posterior_ensemble,100,0.001,1,1,121.64513939249458,-121.64513939249458,0.28600335138060723,0.5347928116388694,0.42247148315426514,0.39710990649808553,0.1352002408912978,0.20089427024824696,13.40033210873429,0.0002955504133681225,0.005849303318133152,0.006144853731501274,123.80291716368336,-123.80291716368336,21.40883724717494,4.626968472680026,3.655176716326457,3.435751149916933,0.1352002408912978,1.7381150878452465,115.93819670191127,0.02212348445425401,0.4378507529466808,0.4599742374009348,0.15763458026013008,1.0,0.0,/home/nimrais/repos/NGMP/paper_materials/ivon/moe/checkpoints/ETTh1_h720_moe_big_ivon.jld2
ETTh1,720,moe_big,posterior_ensemble,1000,0.001,1,1,94.24224543481832,-94.24224543481832,0.28451318389220775,0.5333977726727097,0.4213394576584518,0.39539639697957935,0.1415236374585968,0.21344752658079738,13.119059891547161,0.0003919552437044475,0.0059227766855787,0.006314731929283147,96.40002320600709,-96.40002320600709,21.29729046607544,4.614898749276677,3.6453825564847286,3.4209260543898092,0.1415236374585968,1.8467244782784968,113.50466047471815,0.02933988703327582,0.44335061635055517,0.4726905033838309,0.17046830490646836,0.999928334838904,4.759036144578313e-5,/home/nimrais/repos/NGMP/paper_materials/ivon/moe/checkpoints/ETTh1_h720_moe_big_ivon.jld2
ETTh2,96,moe,posterior_ensemble,10,0.001,1,13,1.6122812298510368e33,-1.6122812298510368e33,0.3387916513706468,0.5820581168325435,0.4648113583267609,0.4648110143302378,0.0,2.6853249682377984e-6,18.592397450810004,4.161021339817008e-12,2.7540244919170397e-11,3.17012662589874e-11,1.6122812298510368e33,-1.6122812298510368e33,49.01829860160156,7.001306920968511,5.591000083818391,5.590995946043883,0.0,3.2300527630270596e-5,223.6393191424272,6.020401792594412e-10,3.984678912681429e-9,4.586719091940869e-9,7.530661360443247e-6,1.0,0.0,/home/nimrais/repos/NGMP/paper_materials/ivon/moe/checkpoints/ETTh2_h96_moe_ivon.jld2
ETTh2,96,moe,posterior_ensemble,100,0.001,1,13,7.914029558316713e26,-7.914029558316713e26,0.3387672532290145,0.5820371579452763,0.4647917098801392,0.46474730346520743,0.0,1.702160547342474e-5,18.591950169992213,2.8049777302667143e-6,2.3372907044378816e-10,2.8052114593371572e-6,7.914029558316713e26,-7.914029558316713e26,49.01476854002237,7.0010548162417905,5.590763741773944,5.590229597620283,0.0,0.00020474499154071583,223.63393900907857,0.00040584009492793864,3.3817248212985386e-8,0.0004058739121761515,0.0007363140460156208,0.9996575739988393,0.00014513788098693758,/home/nimrais/repos/NGMP/paper_materials/ivon/moe/checkpoints/ETTh2_h96_moe_ivon.jld2
ETTh2,96,moe,posterior_ensemble,1000,0.001,1,13,5.990406226502314e21,-5.990406226502314e21,0.3387858348296119,0.582053120281656,0.46480129816792015,0.46470054102456554,0.0,3.284509597349799e-5,18.591431189514783,2.290788978311424e-5,4.4857864236563325e-9,2.2912375569537896e-5,5.990406226502314e21,-5.990406226502314e21,49.017457031438525,7.001246819777069,5.59087907483719,5.589667113926921,0.0,0.0003950784141805635,223.62769643380403,0.003314443485187253,6.490290344765194e-7,0.0033150925142217294,0.0005972803367653225,0.9993418456181079,0.00011640058055152395,/home/nimrais/repos/NGMP/paper_materials/ivon/moe/checkpoints/ETTh2_h96_moe_ivon.jld2
ETTh2,96,moe_big,posterior_ensemble,10,0.001,1,5,1.4592397215940207e31,-1.4592397215940207e31,0.3387908664030027,0.5820574425286587,0.4648104365206005,0.46480853070958195,0.0,1.4755378570612026e-5,18.592014555125726,5.091452778537755e-10,4.951835059739965e-10,1.0043287838277718e-9,1.4592397215940207e31,-1.4592397215940207e31,49.01818502802849,7.001298810080063,5.59098899583995,5.590966071723804,0.0,0.00017748560001209905,223.63471346796476,7.366602795689225e-8,7.16459595749187e-8,1.453119875318109e-7,8.134211910675267e-5,1.0,0.0,/home/nimrais/repos/NGMP/paper_materials/ivon/moe/checkpoints/ETTh2_h96_moe_big_ivon.jld2
ETTh2,96,moe_big,posterior_ensemble,100,0.001,1,5,1.3412530733754871e24,-1.3412530733754871e24,0.33879047043532723,0.5820571023837157,0.4648100648583582,0.4648082006538717,0.0,7.409189273041926e-6,18.59224079223661,1.055938674318046e-8,1.3292112549516545e-10,1.069230786867563e-8,1.3412530733754871e24,-1.3412530733754871e24,49.018127737178276,7.0012947186344245,5.590984525287347,5.590962101636863,0.0,8.912169873758171e-5,223.637434769162,1.5277919934949682e-6,1.9231782700733598e-8,1.5470237761957023e-6,5.731363891805396e-5,1.0,0.0,/home/nimrais/repos/NGMP/paper_materials/ivon/moe/checkpoints/ETTh2_h96_moe_big_ivon.jld2
ETTh2,96,moe_big,posterior_ensemble,1000,0.001,1,5,1.9494309063628488e18,-1.9494309063628488e18,0.3387877730836283,0.5820547852939861,0.46480865630588675,0.4647832505794894,0.0,1.1890843598560305e-5,18.59218368887284,3.2253521708156732e-6,2.4238339326247065e-8,3.2495905101419202e-6,1.9494309063628488e18,-1.9494309063628488e18,49.01773746902829,7.001266847437561,5.590967582463458,5.590661988772872,0.0,0.00014302943842754723,223.63674789930417,0.00046666225441133907,3.5069404747553364e-6,0.0004701691948860944,0.0003158735224241807,0.9998038305281486,4.818577648766328e-5,/home/nimrais/repos/NGMP/paper_materials/ivon/moe/checkpoints/ETTh2_h96_moe_big_ivon.jld2
ETTh2,192,moe,posterior_ensemble,10,0.001,1,5,2.402543261263685e6,-2.402543261263685e6,0.27016904749614695,0.5197778828462664,0.41465183643588766,0.4115934335433733,0.0148861646234676,0.02281532796014501,16.18742179205544,8.301820359033006e-5,0.00011672246730362055,0.00019974067089395065,2.402545750643617e6,-2.402545750643617e6,39.25396468667686,6.265298451524625,4.998130152282739,4.961264776630971,0.0148861646234676,0.275011391706333,195.1199387949668,0.012062053970607577,0.016959084144320638,0.02902113811492822,0.026554684965651002,0.9997081144191476,0.00023357664233576643,/home/nimrais/repos/NGMP/paper_materials/ivon/moe/checkpoints/ETTh2_h192_moe_ivon.jld2
ETTh2,192,moe,posterior_ensemble,100,0.001,1,5,9921.872217432168,-9921.872217432168,0.27028087716197374,0.5198854461917296,0.41462314149911794,0.4099053173312939,0.03210741389375365,0.04323212043433464,15.826423024117325,0.0005507880968623269,0.00015103403248334848,0.0007018221293456755,9924.361597364328,-9924.361597364328,39.27021287570507,6.266594998538287,4.997784269264544,4.9409165620597415,0.03210741389375365,0.5211113172614066,190.76853197984858,0.08002625283854577,0.021944351629223254,0.10197060446776904,0.031812709517241786,0.9907705779334501,0.0014218978102189782,/home/nimrais/repos/NGMP/paper_materials/ivon/moe/checkpoints/ETTh2_h192_moe_ivon.jld2
ETTh2,192,moe,posterior_ensemble,1000,0.001,1,5,304.69872734142217,-304.69872734142217,0.27014154037074833,0.5197514217111372,0.41459329321804256,0.41124010907143993,0.025102159953298307,0.03265553986022868,16.00568963812027,0.00028109767846442116,7.499273616790565e-5,0.0003560904146323268,307.1881072735816,-307.1881072735816,39.2499680640473,6.264979494303817,4.997424484065185,4.9570058742421885,0.025102159953298307,0.3936233342589234,192.92937582524726,0.04084183012899211,0.01089600102074693,0.05173783114973904,0.02181741996702868,0.9964611792177467,0.0006502189781021898,/home/nimrais/repos/NGMP/paper_materials/ivon/moe/checkpoints/ETTh2_h192_moe_ivon.jld2
ETTh2,192,moe_big,posterior_ensemble,10,0.001,1,4,2.4623391981459914e13,-2.4623391981459914e13,0.3197887703141925,0.5654986916998063,0.4545226584986125,0.4543041364720455,0.0020431990659661413,0.001729778647126877,18.1474812340527,1.1346769042148252e-7,4.531366247812255e-6,4.644833938233739e-6,2.4623391981462402e13,-2.4623391981462402e13,46.463416936346704,6.816407920330671,5.478725052478767,5.476091031755959,0.0020431990659661413,0.02085040521535579,218.74610257014575,1.6486184313720022e-5,0.0006583807150467837,0.0006748668993605039,0.0006852439762734009,1.0,0.0,/home/nimrais/repos/NGMP/paper_materials/ivon/moe/checkpoints/ETTh2_h192_moe_big_ivon.jld2
ETTh2,192,moe_big,posterior_ensemble,100,0.001,1,4,9.086545075218109e8,-9.086545075218109e8,0.3197904511349959,0.5655001778381646,0.45452559475692533,0.45437934944594005,0.0020431990659661413,0.0011964412439076047,18.157911799838764,1.704750356904957e-8,2.6597040063973013e-6,2.6767515099663504e-6,9.086545100111908e8,-9.086545100111908e8,46.46366114966822,6.816425833944664,5.478760445548129,5.476997633872801,0.0020431990659661413,0.014421663022186743,218.87183052015027,2.476901441143117e-6,0.00038643926131331385,0.0003889161627544569,0.0001637509597114156,1.0,0.0,/home/nimrais/repos/NGMP/paper_materials/ivon/moe/checkpoints/ETTh2_h192_moe_big_ivon.jld2
ETTh2,192,moe_big,posterior_ensemble,1000,0.001,1,4,113087.05498976092,-113087.05498976092,0.3197772611156574,0.5654885154586762,0.45451446037213683,0.4543269908564816,0.0017513134851138354,0.0008296136454208862,18.165496126218205,5.918815967271681e-6,8.172244046844777e-6,1.4091060014116458e-5,113089.54436969307,-113089.54436969307,46.461744717870694,6.816285257959111,5.478626233904894,5.4763665139266005,0.0017513134851138354,0.009999996651563018,218.9632504706506,0.0008599689532145063,0.001187378725278754,0.00204734767849326,0.0006709778047867528,0.999915061295972,3.5036496350364965e-5,/home/nimrais/repos/NGMP/paper_materials/ivon/moe/checkpoints/ETTh2_h192_moe_big_ivon.jld2
ETTh2,336,moe,posterior_ensemble,10,0.001,1,6,1.0102265565861833e8,-1.0102265565861833e8,0.3449208056085937,0.5872995876114623,0.4700911532639575,0.4686458683777609,0.009711595055915245,0.010383228899258927,18.608824245934166,4.165034958104417e-5,2.037917419857685e-5,6.2029523779621e-5,1.0102265815130822e8,-1.0102265815130822e8,50.44781073885954,7.10266222897158,5.6851711611800155,5.6676922277909405,0.009711595055915245,0.12557231313147477,225.0507166788747,0.0060917431442399006,0.002980639921590279,0.009072383065830178,0.02349802361686999,0.9984696880517951,0.0010597586105387106,/home/nimrais/repos/NGMP/paper_materials/ivon/moe/checkpoints/ETTh2_h336_moe_ivon.jld2
ETTh2,336,moe,posterior_ensemble,100,0.001,1,6,733651.0967180802,-733651.0967180802,0.34489762055294476,0.5872798485840841,0.47004046512771935,0.46812963170294947,0.02177751618599176,0.020206429018749927,18.425436379937835,9.840517222227327e-5,1.6079279081635985e-5,0.00011448445130390921,733653.5894079745,-733653.5894079745,50.444419713208646,7.102423509845681,5.684558150855626,5.661448983612436,0.02177751618599176,0.24437177073044028,222.83286722598942,0.014392653105500095,0.002351741080090604,0.01674439418559069,0.027728838607603588,0.9954561506768688,0.001795702090079482,/home/nimrais/repos/NGMP/paper_materials/ivon/moe/checkpoints/ETTh2_h336_moe_ivon.jld2
ETTh2,336,moe,posterior_ensemble,1000,0.001,1,6,378795.9722353715,-378795.9722353715,0.34449544675398724,0.5869373448282085,0.4696104115181765,0.4658390892000953,0.0379635079458505,0.04112426650043682,18.081581355733736,0.0004253756334631025,3.185109402060948e-5,0.00045722672748371186,378798.4649252657,-378798.4649252657,50.38559813050319,7.098281350475141,5.679357184273382,5.633747704636502,0.0379635079458505,0.49734714705785216,218.6743659360612,0.062215062417024646,0.004658512727703353,0.06687357514472798,0.046796516572935855,0.9810179517363155,0.0036694141889902854,/home/nimrais/repos/NGMP/paper_materials/ivon/moe/checkpoints/ETTh2_h336_moe_ivon.jld2
ETTh2,336,moe_big,posterior_ensemble,10,0.001,1,2,1.8373798218843707e11,-1.8373798218843707e11,0.34499819811800136,0.5873654723577147,0.4702782960239034,0.47016184054072546,0.0005885815185403178,0.0008329806353214769,18.794239207601514,4.3331123763498956e-9,5.126736936879217e-7,5.170068060642717e-7,1.8373798219092975e11,-1.8373798219092975e11,50.45913009856101,7.103459023501228,5.687434421431736,5.686026036377205,0.0005885815185403178,0.010073870679910443,227.293081347096,6.337571683639345e-7,7.498319918488542e-5,7.561695635324936e-5,8.56757125379375e-5,1.0,0.0,/home/nimrais/repos/NGMP/paper_materials/ivon/moe/checkpoints/ETTh2_h336_moe_big_ivon.jld2
ETTh2,336,moe_big,posterior_ensemble,100,0.001,1,2,3.72320710279641e7,-3.72320710279641e7,0.3449912378935866,0.5873595473758698,0.47026648190267106,0.4701289456084065,0.0005885815185403178,0.0012760129619746252,18.786221788100857,1.758594435600166e-6,4.1566746465031386e-7,2.1742619002504803e-6,3.723207352065399e7,-3.723207352065399e7,50.45811210231878,7.103387368172934,5.6872915442453476,5.685628212850278,0.0005885815185403178,0.015431798795491673,227.19612057296584,0.0002572104605201534,6.0795154267313845e-5,0.0003180056147874673,0.0006245788389742825,0.9999823425544437,2.355019134530468e-5,/home/nimrais/repos/NGMP/paper_materials/ivon/moe/checkpoints/ETTh2_h336_moe_big_ivon.jld2
ETTh2,336,moe_big,posterior_ensemble,1000,0.001,1,2,2.084311277326279e6,-2.084311277326279e6,0.3449932194450116,0.5873612342034599,0.4702516819793365,0.4700346308209625,0.0002942907592701589,0.0012197383219162284,18.786261892361757,2.5452583662855256e-5,7.217126570537605e-7,2.617429631990902e-5,2.0843137700161734e6,-2.0843137700161734e6,50.45840192227059,7.103407768266622,5.6871125574749195,5.684487592130388,0.0002942907592701589,0.014751226615937932,227.19660558440657,0.0037226722846512997,0.00010555705234030808,0.0038282293369916085,0.0014577774340459565,0.9995582695703354,0.00011362967324109508,/home/nimrais/repos/NGMP/paper_materials/ivon/moe/checkpoints/ETTh2_h336_moe_big_ivon.jld2
ETTh2,720,moe,posterior_ensemble,10,0.001,1,5,8.273567169418035e9,-8.273567169418035e9,0.6806131817495117,0.8249928373928538,0.6607011118932522,0.6605704395609105,0.00030111412225233364,0.0008666606535019545,26.411932015902277,7.96186420744735e-10,3.2075325092484393e-7,3.215494373455887e-7,8.273567171912195e9,-8.273567171912195e9,99.83917767279178,9.991955648059681,8.002125482111826,8.000542835463266,0.00030111412225233364,0.010496618175590671,319.88987215508774,1.1679262120235123e-7,4.705130853606779e-5,4.716810115727014e-5,6.961972747592669e-5,1.0,0.0,/home/nimrais/repos/NGMP/paper_materials/ivon/moe/checkpoints/ETTh2_h720_moe_ivon.jld2
ETTh2,720,moe,posterior_ensemble,100,0.001,1,5,501180.2411736274,-501180.2411736274,0.6804561746186203,0.8248976752413721,0.6606015206381558,0.6601063017301277,0.0009033423667570009,0.003921179760677998,26.342610820906255,4.308878079298275e-6,3.0687226243063132e-6,7.377600703604589e-6,501182.73533453606,-501182.73533453606,99.8161462898311,9.990803085329581,8.000919275998568,7.994921399240347,0.0009033423667570009,0.04749162960078716,319.05028388901303,0.0006320695156441802,0.0004501510572115123,0.0010822205728556926,0.0015377873928399404,1.0,0.0,/home/nimrais/repos/NGMP/paper_materials/ivon/moe/checkpoints/ETTh2_h720_moe_ivon.jld2
ETTh2,720,moe,posterior_ensemble,1000,0.001,1,5,322090.8408986522,-322090.8408986522,0.6803877309999296,0.8248561880715508,0.6605594097265318,0.66003380523634,0.0018066847335140017,0.004015580543393107,26.342496685206612,2.6683870736076854e-5,2.5378790608686854e-6,2.9221749796945547e-5,322093.3350595609,-322093.3350595609,99.80610629238429,9.990300610711586,8.000409246890223,7.99404335313166,0.0018066847335140017,0.04863497096240714,319.04890152689177,0.003914258176089017,0.0003722815914596535,0.004286539767548671,0.0012131664982639057,0.999965371875941,2.2289156626506025e-5,/home/nimrais/repos/NGMP/paper_materials/ivon/moe/checkpoints/ETTh2_h720_moe_ivon.jld2
ETTh2,720,moe_big,posterior_ensemble,10,0.001,1,1,2.5061089952430097e14,-2.5061089952430097e14,0.3845348404063522,0.6201087327286661,0.5159720705297639,0.5159638039126802,0.0,5.59658559099908e-5,20.637815140205614,1.486032139868582e-12,1.7006487761195153e-9,1.7021348082593836e-9,2.5061089952430347e14,-2.5061089952430347e14,56.407432712400556,7.510488180697747,6.249230066849525,6.249129945166625,0.0,0.0006778341880222133,249.95627138468456,2.1798612019010422e-10,2.4946824403483424e-7,2.4968623015502433e-7,1.12110363448278e-6,1.0,0.0,/home/nimrais/repos/NGMP/paper_materials/ivon/moe/checkpoints/ETTh2_h720_moe_big_ivon.jld2
ETTh2,720,moe_big,posterior_ensemble,100,0.001,1,1,1.5094889115204408e6,-1.5094889115204408e6,0.3846841377881528,0.6202291010490824,0.5161182052387219,0.5158161046206898,0.0,0.0006329481640312952,20.62825533918892,8.088793391278436e-5,1.1146341112962297e-5,9.20342750257466e-5,1.5094914056813496e6,-1.5094914056813496e6,56.4293331519268,7.511946029620208,6.250999987101396,6.247341075363245,0.0,0.007665993807301252,249.84048721852753,0.011865454596022906,0.0016350572698548603,0.013500511865877758,0.0009422862027794423,0.9998193315266486,0.00010843373493975903,/home/nimrais/repos/NGMP/paper_materials/ivon/moe/checkpoints/ETTh2_h720_moe_big_ivon.jld2
ETTh2,720,moe_big,posterior_ensemble,1000,0.001,1,1,1.1263176867014105e6,-1.1263176867014105e6,0.3845892356886074,0.6201525906489527,0.5160331554032536,0.5158333016873212,0.0,0.0004588636956283013,20.631795707066082,0.00010839642178159546,1.3100573320935713e-6,0.00010970647911368904,1.1263201808623192e6,-1.1263201808623192e6,56.415411958755556,7.511019368817761,6.249969900359601,6.247549358780105,0.0,0.005557558184034798,249.8833666196605,0.015900675895710936,0.00019217236787014003,0.016092848263581077,0.00048315979066476314,0.9998888888888889,5.2710843373493975e-5,/home/nimrais/repos/NGMP/paper_materials/ivon/moe/checkpoints/ETTh2_h720_moe_big_ivon.jld2
