method,dataset,dataset_name,split,split_protocol,likelihood,status,error,n_observations,n_features,n_train,n_test,outer_split_seed,inner_split_seed,model_seed,batch_seed,validation_seed,test_seed,learning_rate,ess_multiplier,best_epoch,stopped_early,selection_seconds,refit_seconds,evaluation_seconds,total_seconds,y_center,y_scale,checkpoint,lpd_standardized,nll_standardized,lpd_original,nll_original,rmse_standardized,rmse_original,coverage_50,coverage_80,coverage_95,mean_total_variance_standardized,mean_epistemic_variance_standardized,mean_aleatoric_variance_standardized,mean_total_variance_original,mean_epistemic_variance_original,mean_aleatoric_variance_original
IVON,yacht,Yacht,1,repeated-holdout-v1,homoscedastic,success,,308,6,277,31,20260726,21260726,20270828,20270838,20270848,20270858,0.1,100,430,false,134.19430804252625,0.30008506774902344,0.007853984832763672,134.50224709510803,10.589819494584832,15.449742140685602,checkpoints/yacht_split01_homoscedastic.jld2,-0.931980556245558,0.931980556245558,-3.669572869526772,3.669572869526772,0.14015388232860743,2.165341243613611,1.0,1.0,1.0,1.0069008365233705,0.006900836523370466,1.0,240.34172415950553,1.647191945828967,238.6945322136764
IVON,yacht,Yacht,2,repeated-holdout-v1,homoscedastic,success,,308,6,277,31,20260727,21260727,20270928,20270938,20270948,20270958,0.1,100,465,false,0.38600993156433105,0.3155679702758789,0.0008230209350585938,0.7024009227752686,10.714296028880865,15.456234775448664,checkpoints/yacht_split02_homoscedastic.jld2,-0.9432681126974664,0.9432681126974664,-3.6812805799751835,3.6812805799751835,0.20055704112682052,3.0998568374522746,1.0,1.0,1.0,1.0089850651793022,0.008985065179302584,1.0,241.0416823178133,2.1464888840246896,238.89519343378848
IVON,yacht,Yacht,3,repeated-holdout-v1,homoscedastic,success,,308,6,277,31,20260728,21260728,20271028,20271038,20271048,20271058,0.1,100,495,false,0.4242260456085205,0.31804800033569336,0.0008149147033691406,0.743088960647583,10.521335740072201,15.524934293050547,checkpoints/yacht_split03_homoscedastic.jld2,-0.9339497314012563,0.9339497314012563,-3.6763971268801545,3.6763971268801545,0.14202012232370056,2.2048529132125094,1.0,1.0,1.0,1.0104626006186066,0.010462600618606783,1.0,243.54531831100118,2.5217335074643095,241.02358480353703
IVON,yacht,Yacht,4,repeated-holdout-v1,homoscedastic,success,,308,6,277,31,20260729,21260729,20271128,20271138,20271148,20271158,0.1,100,490,false,0.45310091972351074,0.375485897064209,0.0008130073547363281,0.829399824142456,10.780685920577616,15.473363364284141,checkpoints/yacht_split04_homoscedastic.jld2,-0.9390499264081996,0.9390499264081996,-3.6781699794042395,3.6781699794042395,0.1933453450189637,2.991702874552623,1.0,1.0,1.0,1.0031256584639583,0.0031256584639583846,1.0,240.1733344990215,0.7483606958508948,239.42497380317053
IVON,yacht,Yacht,5,repeated-holdout-v1,homoscedastic,success,,308,6,277,31,20260730,21260730,20271228,20271238,20271248,20271258,0.1,100,500,false,0.6972329616546631,0.7134299278259277,0.001093149185180664,1.4117560386657715,10.068231046931407,14.882286965978318,checkpoints/yacht_split05_homoscedastic.jld2,-0.9364479240882678,0.9364479240882678,-3.6366196356336644,3.6366196356336644,0.16620570332044624,2.473520880891149,1.0,1.0,1.0,1.0078535247056446,0.007853524705644583,1.0,223.22188335112503,1.7394180133969184,221.48246533772814
IVON,yacht,Yacht,6,repeated-holdout-v1,homoscedastic,success,,308,6,277,31,20260731,21260731,20271328,20271338,20271348,20271358,0.1,100,480,false,0.6374630928039551,0.4183158874511719,0.0008058547973632812,1.0565848350524902,10.20361010830325,14.922195994447645,checkpoints/yacht_split06_homoscedastic.jld2,-0.946629341724331,0.946629341724331,-3.6494791102838064,3.6494791102838064,0.21770744117244534,3.248673125467841,0.967741935483871,1.0,1.0,1.0090252563114754,0.009025256311475303,1.0,224.68160456808383,2.009671271374533,222.67193329670943
IVON,yacht,Yacht,7,repeated-holdout-v1,homoscedastic,success,,308,6,277,31,20260732,21260732,20271428,20271438,20271448,20271458,0.1,100,500,false,0.48075103759765625,0.44260716438293457,0.001043081283569336,0.9244012832641602,10.08610108303249,14.563825568103695,checkpoints/yacht_split07_homoscedastic.jld2,-0.9580132738874965,0.9580132738874965,-3.6365540272066648,3.6365540272066648,0.27237407562015964,3.966808590488831,0.9354838709677419,1.0,1.0,1.0047334097451615,0.004733409745161426,1.0,213.10899512399277,1.0039799458418717,212.10501517815095
IVON,yacht,Yacht,8,repeated-holdout-v1,homoscedastic,success,,308,6,277,31,20260733,21260733,20271528,20271538,20271548,20271558,0.1,100,310,true,0.5018670558929443,0.2803950309753418,0.0008099079132080078,0.7830719947814941,10.968592057761732,15.479228268654907,checkpoints/yacht_split08_homoscedastic.jld2,-0.9262828850579966,0.9262828850579966,-3.665781898530788,3.665781898530788,0.09700548530873554,1.5015700176070592,1.0,1.0,1.0,1.0053795554717315,0.0053795554717316054,1.0,240.89548429318614,1.288976500061008,239.60650779312522
IVON,yacht,Yacht,9,repeated-holdout-v1,homoscedastic,success,,308,6,277,31,20260734,21260734,20271628,20271638,20271648,20271658,0.1,100,435,false,0.4740471839904785,0.33054113388061523,0.0007989406585693359,0.8053872585296631,10.647978339350177,15.096160019930739,checkpoints/yacht_split09_homoscedastic.jld2,-0.9316157479349199,0.9316157479349199,-3.646056156099382,3.646056156099382,0.14407391076452272,2.174962698242897,1.0,1.0,1.0,1.0049405768930613,0.004940576893061538,1.0,229.01997541174583,1.1259280643906153,227.8940473473551
IVON,yacht,Yacht,10,repeated-holdout-v1,homoscedastic,success,,308,6,277,31,20260735,21260735,20271728,20271738,20271748,20271758,0.1,100,500,false,0.5875840187072754,0.5242979526519775,0.0010728836059570312,1.11295485496521,10.465740072202165,15.270560240152772,checkpoints/yacht_split10_homoscedastic.jld2,-0.9479831026188273,0.9479831026188273,-3.673909910118898,3.673909910118898,0.22800682125727795,3.4817919325927136,1.0,1.0,1.0,1.0064521967304774,0.006452196730477312,1.0,234.69459786854722,1.5045878204125465,233.19001004813455
IVON,yacht,Yacht,11,repeated-holdout-v1,homoscedastic,success,,308,6,277,31,20260736,21260736,20271828,20271838,20271848,20271858,0.1,100,320,true,0.38489198684692383,0.22165894508361816,0.0008339881896972656,0.6073849201202393,10.682527075812278,15.403362096652955,checkpoints/yacht_split11_homoscedastic.jld2,-0.9285140261108866,0.9285140261108866,-3.6630998296670487,3.6630998296670487,0.120216037205835,1.851731221400033,1.0,1.0,1.0,1.0048330792567661,0.004833079256766386,1.0,238.41027748958274,1.1467136089778178,237.26356388060498
IVON,yacht,Yacht,12,repeated-holdout-v1,homoscedastic,success,,308,6,277,31,20260737,21260737,20271928,20271938,20271948,20271958,0.1,100,435,false,0.4728660583496094,0.4106099605560303,0.0010831356048583984,0.884559154510498,10.132129963898915,14.926899175566938,checkpoints/yacht_split12_homoscedastic.jld2,-0.9371803197662877,0.9371803197662877,-3.640345218893804,3.640345218893804,0.14901986958375377,2.2244045887227935,1.0,1.0,1.0,1.015110486058499,0.015110486058499167,1.0,226.17912143741512,3.366802439874211,222.8123189975411
IVON,yacht,Yacht,13,repeated-holdout-v1,homoscedastic,success,,308,6,277,31,20260738,21260738,20272028,20272038,20272048,20272058,0.1,100,495,false,0.5907719135284424,0.394791841506958,0.000804901123046875,0.9863686561584473,10.550324909747287,14.976232337907247,checkpoints/yacht_split13_homoscedastic.jld2,-0.9376319769595161,0.9376319769595161,-3.6440964105906537,3.6440964105906537,0.17897357871574843,2.680349860880607,0.967741935483871,1.0,1.0,1.0056818766429445,0.005681876642944384,1.0,225.56190914562035,1.274374106641543,224.2875350389787
IVON,yacht,Yacht,14,repeated-holdout-v1,homoscedastic,success,,308,6,277,31,20260739,21260739,20272128,20272138,20272148,20272158,0.1,100,455,false,0.8880999088287354,0.292665958404541,0.0006549358367919922,1.1814208030700684,10.50971119133574,15.177032654842067,checkpoints/yacht_split14_homoscedastic.jld2,-0.9757386796326128,0.9757386796326128,-3.6955219552087915,3.6955219552087915,0.3304931032914356,5.015904919994995,0.967741935483871,1.0,1.0,1.0047743737576633,0.004774373757663286,1.0,231.442060535014,1.0997403288714802,230.34232020614235
IVON,yacht,Yacht,15,repeated-holdout-v1,homoscedastic,success,,308,6,277,31,20260740,21260740,20272228,20272238,20272248,20272258,0.1,100,475,false,0.37435197830200195,0.34997105598449707,0.0008280277252197266,0.7251510620117188,10.509314079422381,15.301204718327119,checkpoints/yacht_split15_homoscedastic.jld2,-0.9326878939974277,0.9326878939974277,-3.6606194590559475,3.6606194590559475,0.1502928252392703,2.2996614678962852,1.0,1.0,1.0,1.0051659481034334,0.005165948103433463,1.0,235.3363530706645,1.2094872385084472,234.12686583215606
IVON,yacht,Yacht,16,repeated-holdout-v1,homoscedastic,success,,308,6,277,31,20260741,21260741,20272328,20272338,20272348,20272358,0.1,100,425,false,0.4747130870819092,0.31385302543640137,0.0007929801940917969,0.7893590927124023,10.073032490974725,14.423032813985008,checkpoints/yacht_split16_homoscedastic.jld2,-0.9341035215224917,0.9341035215224917,-3.6029299512363715,3.6029299512363715,0.15745238447592916,2.270940949122292,1.0,1.0,1.0,1.0058834942904185,0.005883494290418062,1.0,209.24778283737675,1.2239072840884093,208.0238755532883
IVON,yacht,Yacht,17,repeated-holdout-v1,homoscedastic,success,,308,6,277,31,20260742,21260742,20272428,20272438,20272448,20272458,0.1,100,495,false,0.4821300506591797,0.3932371139526367,0.0008280277252197266,0.8761951923370361,10.433971119133574,15.410742539616678,checkpoints/yacht_split17_homoscedastic.jld2,-0.9426718311338073,0.9426718311338073,-3.67773666487384,3.67773666487384,0.21138624765136504,3.2576189904657493,1.0,1.0,1.0,1.003086152291302,0.0030861522913020107,1.0,238.22391897179304,0.7329333494419916,237.49098562235113
IVON,yacht,Yacht,18,repeated-holdout-v1,homoscedastic,success,,308,6,277,31,20260743,21260743,20272528,20272538,20272548,20272558,0.1,100,425,false,0.4392118453979492,0.30300188064575195,0.0008349418640136719,0.7430486679077148,10.736931407942238,15.422479416317191,checkpoints/yacht_split18_homoscedastic.jld2,-0.9289216779925573,0.9289216779925573,-3.6647478254405232,3.6647478254405232,0.12737635403097777,1.9644592914777737,1.0,1.0,1.0,1.003914020829943,0.0039140208299434254,1.0,238.7838324396404,0.930961092912945,237.8528713467275
IVON,yacht,Yacht,19,repeated-holdout-v1,homoscedastic,success,,308,6,277,31,20260744,21260744,20272628,20272638,20272648,20272658,0.1,100,475,false,0.9193460941314697,0.5035579204559326,0.0011088848114013672,1.4240128993988037,11.018483754512637,15.647928297749528,checkpoints/yacht_split19_homoscedastic.jld2,-0.9315122133234843,0.9315122133234843,-3.681850744406414,3.681850744406414,0.12344643545995064,1.9316809429329516,1.0,1.0,1.0,1.010185741192927,0.010185741192926739,1.0,247.35171676549342,2.4940567539828913,244.85766001151035
IVON,yacht,Yacht,20,repeated-holdout-v1,homoscedastic,success,,308,6,277,31,20260745,21260745,20272728,20272738,20272748,20272758,0.1,100,495,false,0.6021571159362793,0.36913204193115234,0.0008029937744140625,0.9720921516418457,10.01628158844765,14.69597261576515,checkpoints/yacht_split20_homoscedastic.jld2,-0.9351467278633276,0.9351467278633276,-3.6227202123942552,3.6227202123942552,0.16196552947406176,2.3802411039037943,1.0,1.0,1.0,1.006545949457485,0.006545949457485076,1.0,217.385350373984,1.4137392506648692,215.9716111233192
IVON,concrete,Concrete,1,repeated-holdout-v1,homoscedastic,success,,1030,8,927,103,20260726,21260726,20280828,20280838,20280848,20280858,0.1,100,440,false,1.7295119762420654,1.4565308094024658,0.001107931137084961,3.187150716781616,35.888317152103525,16.817130580638928,checkpoints/concrete_split01_homoscedastic.jld2,-1.0096156001251433,1.0096156001251433,-3.8320136444354516,3.8320136444354516,0.4226888314140507,7.108413329789277,0.9223300970873787,0.9805825242718447,0.9902912621359223,1.0038003697628093,0.003800369762809178,1.0,283.8906858887274,1.0748049224664178,282.8158809662609
IVON,concrete,Concrete,2,repeated-holdout-v1,homoscedastic,success,,1030,8,927,103,20260727,21260727,20280928,20280938,20280948,20280958,0.1,100,195,true,0.8825387954711914,0.5990560054779053,0.0011451244354248047,1.4827399253845215,35.7102912621359,16.873298363012974,checkpoints/concrete_split02_homoscedastic.jld2,-0.966624764428712,0.966624764428712,-3.7923571583554585,3.7923571583554585,0.3016657591520867,5.0900963766399,0.970873786407767,1.0,1.0,1.0048394255316193,0.004839425531619478,1.0,286.0860217680118,1.377824120755497,284.70819764725627
IVON,concrete,Concrete,3,repeated-holdout-v1,homoscedastic,success,,1030,8,927,103,20260728,21260728,20281028,20281038,20281048,20281058,0.1,100,490,false,1.6296439170837402,1.5107929706573486,0.001522064208984375,3.1419589519500732,35.76043149946061,16.779107651877823,checkpoints/concrete_split03_homoscedastic.jld2,-0.9612718674809316,0.9612718674809316,-3.781406387837618,3.781406387837618,0.2831399334156975,4.750835455424945,0.9805825242718447,1.0,1.0,1.005004514381737,0.005004514381736985,1.0,282.94741683332455,1.4089632400196843,281.53845359330484
IVON,concrete,Concrete,4,repeated-holdout-v1,homoscedastic,success,,1030,8,927,103,20260729,21260729,20281128,20281138,20281148,20281158,0.1,100,485,false,1.5718238353729248,1.1677558422088623,0.0011298656463623047,2.7407095432281494,35.71218985976263,16.546937664210454,checkpoints/concrete_split04_homoscedastic.jld2,-0.9558757112000404,0.9558757112000404,-3.7620767605068126,3.7620767605068126,0.2642624195926311,4.3727337270762465,0.9805825242718447,1.0,1.0,1.0043768485515914,0.004376848551591287,1.0,274.99953221283755,1.1983861495710428,273.80114606326646
IVON,concrete,Concrete,5,repeated-holdout-v1,homoscedastic,success,,1030,8,927,103,20260730,21260730,20281228,20281238,20281248,20281258,0.1,100,490,false,1.4105582237243652,1.4337780475616455,0.001116037368774414,2.845452308654785,35.933818770226516,16.65205191961119,checkpoints/concrete_split05_homoscedastic.jld2,-1.009072541470513,1.009072541470513,-3.8216059887188227,3.8216059887188227,0.42140964500163103,7.017335181920883,0.9223300970873787,0.9805825242718447,0.9902912621359223,1.003332826042543,0.0033328260425430118,1.0,278.2149952434522,0.9241621100255332,277.2908331334267
IVON,concrete,Concrete,6,repeated-holdout-v1,homoscedastic,success,,1030,8,927,103,20260731,21260731,20281328,20281338,20281348,20281358,0.1,100,490,false,2.130537986755371,1.5475459098815918,0.001458883285522461,3.6795427799224854,35.663160733549034,16.721645290116573,checkpoints/concrete_split06_homoscedastic.jld2,-0.9832568765013979,0.9832568765013979,-3.799960881835677,3.799960881835677,0.3552471714632535,5.940317276365811,0.9320388349514563,0.9902912621359223,1.0,1.0028055078124753,0.0028055078124754698,1.0,280.3978788461512,0.7844576376733784,279.6134212084777
IVON,concrete,Concrete,7,repeated-holdout-v1,homoscedastic,success,,1030,8,927,103,20260732,21260732,20281428,20281438,20281448,20281458,0.1,100,490,false,1.4441859722137451,1.4885711669921875,0.0011510848999023438,2.933908224105835,36.22687162891044,16.717037833229554,checkpoints/concrete_split07_homoscedastic.jld2,-0.973643042200196,0.973643042200196,-3.7900714710771615,3.7900714710771615,0.3244228055177387,5.423388284084773,0.9320388349514563,1.0,1.0,1.0047708181218749,0.004770818121874917,1.0,280.79260366762594,1.3332497499976772,279.4593539176282
IVON,concrete,Concrete,8,repeated-holdout-v1,homoscedastic,success,,1030,8,927,103,20260733,21260733,20281528,20281538,20281548,20281558,0.1,100,500,false,1.6949968338012695,1.7020699977874756,0.0011200904846191406,3.3981869220733643,35.78156418554473,16.792110337325646,checkpoints/concrete_split08_homoscedastic.jld2,-0.9622223423716754,0.9622223423716754,-3.78313149569534,3.78313149569534,0.28947805467362614,4.860947314347198,0.9514563106796117,1.0,1.0,1.0030112589366,0.003011258936600121,1.0,282.8240692279669,0.849099647048089,281.97496958091875
IVON,concrete,Concrete,9,repeated-holdout-v1,homoscedastic,success,,1030,8,927,103,20260734,21260734,20281628,20281638,20281648,20281658,0.1,100,475,false,1.4723858833312988,1.3661749362945557,0.001107931137084961,2.8396687507629395,35.786860841423916,16.60118473891167,checkpoints/concrete_split09_homoscedastic.jld2,-0.9618368173777708,0.9618368173777708,-3.7713108800075203,3.7713108800075203,0.2849079940625794,4.729810235157179,0.970873786407767,1.0,1.0,1.0051590900073923,0.005159090007392355,1.0,277.0211765093515,1.4218417738777631,275.59933473547375
IVON,concrete,Concrete,10,repeated-holdout-v1,homoscedastic,success,,1030,8,927,103,20260735,21260735,20281728,20281738,20281748,20281758,0.1,100,375,true,1.5609440803527832,0.9150071144104004,0.0023910999298095703,2.478342294692993,36.029395900755084,16.79448738563095,checkpoints/concrete_split10_homoscedastic.jld2,-0.9575033477089981,0.9575033477089981,-3.7785540484635085,3.7785540484635085,0.2713339411549318,4.556914375570792,0.970873786407767,1.0,1.0,1.0038559931529918,0.0038559931529917437,1.0,283.1424079489274,1.0876014028102385,282.0548065461172
IVON,concrete,Concrete,11,repeated-holdout-v1,homoscedastic,success,,1030,8,927,103,20260736,21260736,20281828,20281838,20281848,20281858,0.1,100,500,false,1.2785542011260986,1.3902509212493896,0.0011200904846191406,2.6699252128601074,35.97183387270762,16.617881060211488,checkpoints/concrete_split11_homoscedastic.jld2,-0.9702458797653558,0.9702458797653558,-3.7807251676959446,3.7807251676959446,0.3128183769484572,5.1983785876339725,0.9514563106796117,0.9902912621359223,1.0,1.0055520062979624,0.005552006297962507,1.0,277.68717951715377,1.53320858581813,276.15397093133566
IVON,concrete,Concrete,12,repeated-holdout-v1,homoscedastic,success,,1030,8,927,103,20260737,21260737,20281928,20281938,20281948,20281958,0.1,100,400,true,1.8021929264068604,1.4050688743591309,0.0011069774627685547,3.2083687782287598,35.83434735706576,16.606274029040723,checkpoints/concrete_split12_homoscedastic.jld2,-0.9817759784909733,0.9817759784909733,-3.791556556003687,3.791556556003687,0.3497098109579551,5.807376960034341,0.912621359223301,1.0,1.0,1.0041156167034704,0.0041156167034701995,1.0,276.90329390216294,1.1349567745705207,275.7683371275925
IVON,concrete,Concrete,13,repeated-holdout-v1,homoscedastic,success,,1030,8,927,103,20260738,21260738,20282028,20282038,20282048,20282058,0.1,100,390,true,1.1706089973449707,0.9033498764038086,0.003058195114135742,2.077017068862915,35.93875943905065,16.815372423923385,checkpoints/concrete_split13_homoscedastic.jld2,-0.9977479835564982,0.9977479835564982,-3.820041476818857,3.820041476818857,0.390702107585663,6.569801328332495,0.912621359223301,0.9805825242718447,1.0,1.0061144721918558,0.006114472191856027,1.0,284.4856580386811,1.728908283438027,282.75674975524316
IVON,concrete,Concrete,14,repeated-holdout-v1,homoscedastic,success,,1030,8,927,103,20260739,21260739,20282128,20282138,20282148,20282158,0.1,100,260,true,0.9433209896087646,0.7132589817047119,0.0029840469360351562,1.6595640182495117,35.98936353829554,16.81726132044635,checkpoints/concrete_split14_homoscedastic.jld2,-0.9884120898555069,0.9884120898555069,-3.8108179083398097,3.8108179083398097,0.3697489084076802,6.218163961705238,0.9611650485436893,0.9902912621359223,1.0,1.002608280958833,0.0026082809588331207,1.0,283.5579530668953,0.7376747467144117,282.8202783201809
IVON,concrete,Concrete,15,repeated-holdout-v1,homoscedastic,success,,1030,8,927,103,20260740,21260740,20282228,20282238,20282248,20282258,0.1,100,480,false,1.8748350143432617,1.6357090473175049,0.001129150390625,3.5116732120513916,35.55970873786404,16.758824058517998,checkpoints/concrete_split15_homoscedastic.jld2,-0.9826048003549608,0.9826048003549608,-3.8015297293744075,3.8015297293744075,0.35166746105827773,5.893533056520873,0.941747572815534,1.0,1.0,1.0041466293732932,0.004146629373293055,1.0,282.0227986191375,1.1646147947758383,280.85818382436173
IVON,concrete,Concrete,16,repeated-holdout-v1,homoscedastic,success,,1030,8,927,103,20260741,21260741,20282328,20282338,20282348,20282358,0.1,100,250,true,0.9013550281524658,0.765617847442627,0.0029799938201904297,1.6699528694152832,35.877659115426084,16.544880131122696,checkpoints/concrete_split16_homoscedastic.jld2,-0.9909136702572577,0.9909136702572577,-3.796990366583294,3.796990366583294,0.37253457540346196,6.163539888859814,0.912621359223301,0.9902912621359223,1.0,1.0059940747432203,0.005994074743220282,1.0,275.3738349658768,1.6407764126582853,273.73305855321854
IVON,concrete,Concrete,17,repeated-holdout-v1,homoscedastic,success,,1030,8,927,103,20260742,21260742,20282428,20282438,20282448,20282458,0.1,100,180,true,0.7952218055725098,0.6154940128326416,0.00417780876159668,1.414893627166748,36.01156418554473,16.816250029221205,checkpoints/concrete_split17_homoscedastic.jld2,-1.0034134083288846,1.0034134083288846,-3.8257590908841768,3.8257590908841768,0.40692858577256746,6.8430128379055395,0.912621359223301,0.9902912621359223,1.0,1.004299666943903,0.004299666943902874,1.0,284.00215180128714,1.2158867560049564,282.7862650452821
IVON,concrete,Concrete,18,repeated-holdout-v1,homoscedastic,success,,1030,8,927,103,20260743,21260743,20282528,20282538,20282548,20282558,0.1,100,495,false,1.4635870456695557,1.2428619861602783,0.0011250972747802734,2.7075741291046143,35.593872707659074,16.55794617814077,checkpoints/concrete_split18_homoscedastic.jld2,-1.004546674266558,1.004546674266558,-3.811412792473044,3.811412792473044,0.4106957278056256,6.800277681857509,0.9223300970873787,0.9805825242718447,0.9902912621359223,1.003172529865046,0.0031725298650459614,1.0,275.0353801339215,0.8697984957149072,274.1655816382066
IVON,concrete,Concrete,19,repeated-holdout-v1,homoscedastic,success,,1030,8,927,103,20260744,21260744,20282628,20282638,20282648,20282658,0.1,100,470,false,1.336907148361206,1.4594180583953857,0.0022430419921875,2.7985682487487793,35.99161812297731,16.811875520059044,checkpoints/concrete_split19_homoscedastic.jld2,-0.9662657894250991,0.9662657894250991,-3.7883513023089996,3.7883513023089996,0.3010999008424654,5.062054007089376,0.9805825242718447,1.0,1.0,1.0046422337191718,0.004642233719171711,1.0,283.9512355339167,1.3120770319561188,282.6391585019605
IVON,concrete,Concrete,20,repeated-holdout-v1,homoscedastic,success,,1030,8,927,103,20260745,21260745,20282728,20282738,20282748,20282758,0.1,100,455,false,1.9392619132995605,1.4500370025634766,0.0014810562133789062,3.390779972076416,35.931423948220015,16.74358493964448,checkpoints/concrete_split20_homoscedastic.jld2,-0.9752025245689726,0.9752025245689726,-3.793217720803212,3.793217720803212,0.3281303274597285,5.494078063175789,0.9611650485436893,1.0,1.0,1.0055876266680503,0.005587626668050127,1.0,281.9141145618542,1.566477930764702,280.3476366310895
IVON,energy,Energy,1,repeated-holdout-v1,homoscedastic,success,,768,8,691,77,20260726,21260726,20290828,20290838,20290848,20290858,0.1,100,480,false,1.0706939697265625,1.09419584274292,0.001352071762084961,2.1662418842315674,22.41228654124456,10.06984293785844,checkpoints/energy_split01_homoscedastic.jld2,-0.9317408563647185,0.9317408563647185,-3.2412859659386424,3.2412859659386424,0.15069518387307765,1.5174768530812899,1.0,1.0,1.0,1.0029818642260622,0.002981864226062004,1.0,101.70410300454151,0.30236621140401193,101.40173679313749
IVON,energy,Energy,2,repeated-holdout-v1,homoscedastic,success,,768,8,691,77,20260727,21260727,20290928,20290938,20290948,20290958,0.1,100,485,false,1.0796771049499512,0.7880918979644775,0.0007801055908203125,1.868549108505249,22.376049204052094,10.11491417963313,checkpoints/energy_split02_homoscedastic.jld2,-0.9391024171187462,0.9391024171187462,-3.2531134032371263,3.2531134032371263,0.19677733322016322,1.9903858166285762,1.0,1.0,1.0,1.0016590404993229,0.0016590404993227384,1.0,102.48122776491034,0.16973890356697593,102.31148886134339
IVON,energy,Energy,3,repeated-holdout-v1,homoscedastic,success,,768,8,691,77,20260728,21260728,20291028,20291038,20291048,20291058,0.1,100,495,false,1.0485260486602783,1.0023770332336426,0.0010077953338623047,2.051910877227783,22.1096092619392,10.028594884346907,checkpoints/energy_split03_homoscedastic.jld2,-0.9511151065928443,0.9511151065928443,-3.256555607461552,3.256555607461552,0.25078418175144457,2.5150129870053557,0.974025974025974,1.0,1.0,1.0015167417754787,0.001516741775478782,1.0,100.72525819320022,0.15254283885127737,100.572715354349
IVON,energy,Energy,4,repeated-holdout-v1,homoscedastic,success,,768,8,691,77,20260729,21260729,20291128,20291138,20291148,20291158,0.1,100,500,false,1.100499153137207,1.612048864364624,0.00131988525390625,2.7138679027557373,22.212026049204038,10.014684100275248,checkpoints/energy_split04_homoscedastic.jld2,-0.9338848615911733,0.9338848615911733,-3.2379372875529877,3.2379372875529877,0.16387347521071968,1.6411410966666895,1.0,1.0,1.0,1.0031501496678432,0.0031501496678438003,1.0,100.60983841660642,0.31594078830056777,100.29389762830584
IVON,energy,Energy,5,repeated-holdout-v1,homoscedastic,success,,768,8,691,77,20260730,21260730,20291228,20291238,20291248,20291258,0.1,100,495,false,1.1911120414733887,1.2352619171142578,0.001024007797241211,2.4273979663848877,22.401997105643986,10.14222945533324,checkpoints/energy_split05_homoscedastic.jld2,-0.9281926437623145,0.9281926437623145,-3.244900485147925,3.244900485147925,0.12896721950369552,1.3080151301273415,1.0,1.0,1.0,1.001910839604845,0.0019108396048453163,1.0,103.06137649342911,0.19655816879991972,102.86481832462924
IVON,energy,Energy,6,repeated-holdout-v1,homoscedastic,success,,768,8,691,77,20260731,21260731,20291328,20291338,20291348,20291358,0.1,100,475,false,1.0892999172210693,0.8321080207824707,0.0009891986846923828,1.9223971366882324,22.674645441389284,10.17071915346912,checkpoints/energy_split06_homoscedastic.jld2,-1.3473040283831124,1.3473040283831124,-3.6668169491656544,3.6668169491656544,0.9255959953889689,9.413976938548197,0.2597402597402597,0.8961038961038961,1.0,1.000021153611533,2.1153611533920398e-5,1.0,103.44571630295275,0.0021882042090990033,103.44352809874361
IVON,energy,Energy,7,repeated-holdout-v1,homoscedastic,success,,768,8,691,77,20260732,21260732,20291428,20291438,20291448,20291458,0.1,100,500,false,1.074470043182373,1.000319004058838,0.0010030269622802734,2.075792074203491,22.267713458755413,10.04166622435009,checkpoints/energy_split07_homoscedastic.jld2,-0.9293618804665128,0.9293618804665128,-3.2361049395610975,3.2361049395610975,0.13471351037918106,1.3527481366446121,1.0,1.0,1.0,1.0027722112644313,0.002772211264431278,1.0,101.1145966519909,0.27953609073751673,100.83506056125334
IVON,energy,Energy,8,repeated-holdout-v1,homoscedastic,success,,768,8,691,77,20260733,21260733,20291528,20291538,20291548,20291558,0.1,100,500,false,1.3127210140228271,1.5469589233398438,0.0013129711151123047,2.860992908477783,22.256541244573064,10.138856182348189,checkpoints/energy_split08_homoscedastic.jld2,-0.9452784245020841,0.9452784245020841,-3.261653613772673,3.261653613772673,0.2270415010531865,2.3019411599263577,1.0,1.0,1.0,1.0011808572946168,0.001180857294616868,1.0,102.91779257067434,0.12138788433425227,102.79640468634005
IVON,energy,Energy,9,repeated-holdout-v1,homoscedastic,success,,768,8,691,77,20260734,21260734,20291628,20291638,20291648,20291658,0.1,100,500,false,1.0765609741210938,0.9769978523254395,0.0010008811950683594,2.0545597076416016,22.313661360347307,10.096224623465739,checkpoints/energy_split09_homoscedastic.jld2,-0.9293870553318309,0.9293870553318309,-3.2415486096416806,3.2415486096416806,0.1238624785931135,1.2505434168257796,1.0,1.0,1.0,1.0057234807886,0.005723480788599956,1.0,102.51716751674014,0.5834158692642474,101.93375164747594
IVON,energy,Energy,10,repeated-holdout-v1,homoscedastic,success,,768,8,691,77,20260735,21260735,20291728,20291738,20291748,20291758,0.1,100,485,false,1.1732609272003174,1.1753590106964111,0.0009791851043701172,2.3495991230010986,22.36574529667148,10.032421376859043,checkpoints/energy_split10_homoscedastic.jld2,-0.937612703997266,0.937612703997266,-3.243434690281141,3.243434690281141,0.18913005548797776,1.897432379408911,1.0,1.0,1.0,1.0016410946692442,0.001641094669244701,1.0,100.81465400578699,0.1651753229286969,100.64947868285824
IVON,energy,Energy,11,repeated-holdout-v1,homoscedastic,success,,768,8,691,77,20260736,21260736,20291828,20291838,20291848,20291858,0.1,100,500,false,1.3087570667266846,1.0917890071868896,0.0009829998016357422,2.40152907371521,22.247945007235874,10.147066391356402,checkpoints/energy_split11_homoscedastic.jld2,-0.9316812822110715,0.9316812822110715,-3.2488659204408257,3.2488659204408257,0.15486276887137115,1.5714028113105287,1.0,1.0,1.0,1.0015377569256445,0.0015377569256447552,1.0,103.12128834980763,0.15833199921298552,102.9629563505947
IVON,energy,Energy,12,repeated-holdout-v1,homoscedastic,success,,768,8,691,77,20260737,21260737,20291928,20291938,20291948,20291958,0.1,100,480,false,1.3701059818267822,1.0565099716186523,0.0013260841369628906,2.4279420375823975,22.20076700434152,9.973791880890415,checkpoints/energy_split12_homoscedastic.jld2,-0.9456110109020852,0.9456110109020852,-3.245571851645332,3.245571851645332,0.22551469884934555,2.249236633579279,1.0,1.0,1.0,1.0025994015118354,0.002599401511835505,1.0,99.73510391144963,0.25857942813407214,99.4765244833155
IVON,energy,Energy,13,repeated-holdout-v1,homoscedastic,success,,768,8,691,77,20260738,21260738,20292028,20292038,20292048,20292058,0.1,100,490,false,1.2154490947723389,1.135878086090088,0.0013589859008789062,2.3526861667633057,22.427554269175097,10.16953157306318,checkpoints/energy_split13_homoscedastic.jld2,-0.937385351486978,0.937385351486978,-3.2567815008075303,3.2567815008075303,0.18325033680596878,1.8635700993902917,1.0,1.0,1.0,1.0034248789966687,0.003424878996668636,1.0,103.77357125196347,0.35419883643459654,103.41937241552894
IVON,energy,Energy,14,repeated-holdout-v1,homoscedastic,success,,768,8,691,77,20260739,21260739,20292128,20292138,20292148,20292158,0.1,100,445,false,1.1753320693969727,1.086195945739746,0.0009341239929199219,2.2624621391296387,22.099971056439934,10.145519165109084,checkpoints/energy_split14_homoscedastic.jld2,-0.9302509893657914,0.9302509893657914,-3.2472831358151355,3.2472831358151355,0.14088075787579643,1.4293084182050049,1.0,1.0,1.0,1.0028217387473144,0.0028217387473140295,1.0,103.22200509831316,0.2904459687174255,102.93155912959568
IVON,energy,Energy,15,repeated-holdout-v1,homoscedastic,success,,768,8,691,77,20260740,21260740,20292228,20292238,20292248,20292258,0.1,100,495,false,1.104490041732788,1.0476298332214355,0.001004934310913086,2.1531248092651367,22.33791606367581,10.058254047870092,checkpoints/energy_split15_homoscedastic.jld2,-0.950984712481249,0.950984712481249,-3.2593783082009704,3.2593783082009704,0.25110428154052605,2.525670633534765,0.987012987012987,1.0,1.0,1.0010854218086267,0.0010854218086267546,1.0,101.27828496005364,0.1098104685585683,101.16847449149503
IVON,energy,Energy,16,repeated-holdout-v1,homoscedastic,success,,768,8,691,77,20260741,21260741,20292328,20292338,20292348,20292358,0.1,100,500,false,1.4220681190490723,1.4795050621032715,0.0010120868682861328,2.90258526802063,22.241519536903027,10.109318552736612,checkpoints/energy_split16_homoscedastic.jld2,-0.9348019870269785,0.9348019870269785,-3.2482596144975076,3.2482596144975076,0.17275571111508742,1.7464425552298182,1.0,1.0,1.0,1.001962524031986,0.001962524031985666,1.0,102.39888826287464,0.20056666216998273,102.19832160070469
IVON,energy,Energy,17,repeated-holdout-v1,homoscedastic,success,,768,8,691,77,20260742,21260742,20292428,20292438,20292448,20292458,0.1,100,500,false,1.1932599544525146,1.1978459358215332,0.0010340213775634766,2.3921399116516113,22.163994211287978,10.034425250611593,checkpoints/energy_split17_homoscedastic.jld2,-0.9273714380008318,0.9273714380008318,-3.23339314413072,3.23339314413072,0.11850106209577062,1.1890900223395173,1.0,1.0,1.0,1.002865025675998,0.0028650256759979666,1.0,100.97816865758527,0.288478547473748,100.68969011011156
IVON,energy,Energy,18,repeated-holdout-v1,homoscedastic,success,,768,8,691,77,20260743,21260743,20292528,20292538,20292548,20292558,0.1,100,500,false,1.0043399333953857,0.8701150417327881,0.0009989738464355469,1.8754539489746094,22.266874095513728,10.120939224907442,checkpoints/energy_split18_homoscedastic.jld2,-0.933342759662824,0.933342759662824,-3.2479492280009947,3.2479492280009947,0.15907508480067614,1.6099892863501222,1.0,1.0,1.0,1.0036234349931803,0.0036234349931801844,1.0,102.80457159941281,0.3711608051427589,102.4334107942701
IVON,energy,Energy,19,repeated-holdout-v1,homoscedastic,success,,768,8,691,77,20260744,21260744,20292628,20292638,20292648,20292658,0.1,100,340,true,0.9488070011138916,0.6550788879394531,0.0010139942169189453,1.6048998832702637,22.287033285094047,9.999181880898867,checkpoints/energy_split19_homoscedastic.jld2,-0.9523631672221444,0.9523631672221444,-3.2548664449593003,3.2548664449593003,0.2557422452162285,2.557213213268807,0.987012987012987,1.0,1.0,1.001526301267721,0.0015263012677211296,1.0,100.13624344116548,0.15260515386927107,99.98363828729623
IVON,energy,Energy,20,repeated-holdout-v1,homoscedastic,success,,768,8,691,77,20260745,21260745,20292728,20292738,20292748,20292758,0.1,100,500,false,1.2714998722076416,1.6209940910339355,0.0013301372528076172,2.8938241004943848,22.343921852387837,10.054317846100046,checkpoints/energy_split20_homoscedastic.jld2,-0.9519244980745561,0.9519244980745561,-3.259926676740203,3.259926676740203,0.25588810965314596,2.5727804076256917,0.987012987012987,1.0,1.0,1.0005102798708845,0.0005102798708845509,1.0,101.14089118910847,0.0515838387025738,101.08930735040586
IVON,housing,Boston Housing,1,repeated-holdout-v1,homoscedastic,success,,506,13,455,51,20260726,21260726,20300828,20300838,20300848,20300858,0.1,100,115,true,0.3105769157409668,0.11959099769592285,0.0009450912475585938,0.43111300468444824,22.311208791208813,9.070877643471443,checkpoints/housing_split01_homoscedastic.jld2,-1.5617439690641146,1.5617439690641146,-3.766812991847425,3.766812991847425,1.133856529975175,10.285073835442242,0.5490196078431373,0.8235294117647058,0.9215686274509803,1.0001255830262168,0.00012558302621694045,1.0,82.2911542973588,0.010333074528778052,82.28082122283001
IVON,housing,Boston Housing,2,repeated-holdout-v1,homoscedastic,success,,506,13,455,51,20260727,21260727,20300928,20300938,20300948,20300958,0.1,100,70,true,0.2236790657043457,0.0732121467590332,0.0009660720825195312,0.29785728454589844,22.74439560439562,9.270689828012006,checkpoints/housing_split02_homoscedastic.jld2,-0.9867824867037672,0.9867824867037672,-3.213640278616641,3.213640278616641,0.3620816600476692,3.3567467396286728,0.9411764705882353,1.0,1.0,1.0054427526082765,0.005442752608276568,1.0,86.41347101500901,0.4677811278037156,85.94568988720529
IVON,housing,Boston Housing,3,repeated-holdout-v1,homoscedastic,success,,506,13,455,51,20260728,21260728,20301028,20301038,20301048,20301058,0.1,100,95,true,0.2894899845123291,0.13298392295837402,0.0037429332733154297,0.42621684074401855,22.31120879120881,9.13108319169566,checkpoints/housing_split03_homoscedastic.jld2,-1.0582179739535322,1.0582179739535322,-3.2699023024536524,3.2699023024536524,0.524897517388321,4.7928829388747225,0.9411764705882353,0.9803921568627451,0.9803921568627451,1.0044396682303764,0.004439668230376596,1.0,83.74684505214347,0.370164798476473,83.37668025366699
IVON,housing,Boston Housing,4,repeated-holdout-v1,homoscedastic,success,,506,13,455,51,20260729,21260729,20301128,20301138,20301148,20301158,0.1,100,110,true,0.38648009300231934,0.15038490295410156,0.0013020038604736328,0.5381669998168945,22.637142857142866,9.31543675104967,checkpoints/housing_split04_homoscedastic.jld2,-1.0665497232898644,1.0665497232898644,-3.298222613098762,3.298222613098762,0.5414486170053159,5.043830431435075,0.9215686274509803,0.9803921568627451,0.9803921568627451,1.0028370479397344,0.0028370479397343143,1.0,87.0235533984953,0.2461915356884552,86.77736186280683
IVON,housing,Boston Housing,5,repeated-holdout-v1,homoscedastic,success,,506,13,455,51,20260730,21260730,20301228,20301238,20301248,20301258,0.1,100,485,false,0.827394962310791,0.5837588310241699,0.0007598400115966797,1.4119136333465576,22.390549450549468,9.207941573632528,checkpoints/housing_split05_homoscedastic.jld2,-0.9835579676077867,0.9835579676077867,-3.203624293832664,3.203624293832664,0.35292070825135485,3.249673290797177,0.9411764705882353,1.0,1.0,1.005558736395911,0.005558736395910894,1.0,85.25749209266668,0.4713040692363863,84.7861880234303
IVON,housing,Boston Housing,6,repeated-holdout-v1,homoscedastic,success,,506,13,455,51,20260731,21260731,20301328,20301338,20301348,20301358,0.1,100,490,false,0.6555068492889404,0.615959882736206,0.0009520053863525391,1.272418737411499,22.157582417582432,8.952829314397198,checkpoints/housing_split06_homoscedastic.jld2,-0.9841620891124426,0.9841620891124426,-3.176131695956034,3.176131695956034,0.35308902921601953,3.161145782311006,0.9607843137254902,1.0,1.0,1.0067123453590348,0.0067123453590346915,1.0,80.69116837548734,0.5380156427575375,80.1531527327298
IVON,housing,Boston Housing,7,repeated-holdout-v1,homoscedastic,success,,506,13,455,51,20260732,21260732,20301428,20301438,20301448,20301458,0.1,100,200,true,0.43062710762023926,0.2158489227294922,0.000946044921875,0.6474220752716064,22.30615384615386,9.20654129276561,checkpoints/housing_split07_homoscedastic.jld2,-0.96894222372698,0.96894222372698,-3.188856465217274,3.188856465217274,0.3068224307110467,2.8247733401686244,0.9411764705882353,1.0,1.0,1.0065489565542505,0.006548956554250449,1.0,85.31549476938534,0.5550921939870612,84.76040257539827
IVON,housing,Boston Housing,8,repeated-holdout-v1,homoscedastic,success,,506,13,455,51,20260733,21260733,20301528,20301538,20301548,20301558,0.1,100,295,true,0.5946409702301025,0.37439894676208496,0.000990152359008789,0.9700300693511963,22.372307692307704,9.080531902966902,checkpoints/housing_split08_homoscedastic.jld2,-1.5469740387820041,1.5469740387820041,-3.753106809301393,3.753106809301393,1.1206764974762566,10.17633877964913,0.5098039215686274,0.7843137254901961,0.9019607843137255,1.0002868375473117,0.00028683754731166937,1.0,82.47971113470805,0.02365149390835171,82.45605964079971
IVON,housing,Boston Housing,9,repeated-holdout-v1,homoscedastic,success,,506,13,455,51,20260734,21260734,20301628,20301638,20301648,20301658,0.1,100,290,true,0.620229959487915,0.5459890365600586,0.0019140243530273438,1.168133020401001,22.601758241758255,9.201821620247344,checkpoints/housing_split09_homoscedastic.jld2,-0.9756042921829352,0.9756042921829352,-3.1950057588388794,3.1950057588388794,0.33188793231659963,3.05397356523233,0.9607843137254902,1.0,1.0,1.0039405731511992,0.003940573151199193,1.0,85.0071833348372,0.33366220398573077,84.67352113085146
IVON,housing,Boston Housing,10,repeated-holdout-v1,homoscedastic,success,,506,13,455,51,20260735,21260735,20301728,20301738,20301748,20301758,0.1,100,310,true,1.0419349670410156,0.5132758617401123,0.0012938976287841797,1.556504726409912,22.529890109890125,9.329170477275294,checkpoints/housing_split10_homoscedastic.jld2,-0.9582345663985166,0.9582345663985166,-3.1913806681170414,3.1913806681170414,0.27244462622532195,2.5416824016306516,0.9803921568627451,1.0,1.0,1.0047635048953347,0.004763504895334659,1.0,87.44800592483871,0.4145841307737546,87.03342179406495
IVON,housing,Boston Housing,11,repeated-holdout-v1,homoscedastic,success,,506,13,455,51,20260736,21260736,20301828,20301838,20301848,20301858,0.1,100,190,true,0.41800379753112793,0.20399689674377441,0.0009829998016357422,0.6229836940765381,22.3413186813187,9.263892200245964,checkpoints/housing_split11_homoscedastic.jld2,-0.9813735666551308,0.9813735666551308,-3.2074978510024756,3.2074978510024756,0.3436929559812121,3.1839344629483506,0.9607843137254902,1.0,1.0,1.0085338174876568,0.008533817487656924,1.0,86.55206834331055,0.732369645532546,85.81969869777801
IVON,housing,Boston Housing,12,repeated-holdout-v1,homoscedastic,success,,506,13,455,51,20260737,21260737,20301928,20301938,20301948,20301958,0.1,100,70,true,0.22780108451843262,0.07329201698303223,0.0009360313415527344,0.3020291328430176,22.494285714285727,9.09948746473288,checkpoints/housing_split12_homoscedastic.jld2,-0.9872164961331074,0.9872164961331074,-3.1954345855129107,3.1954345855129107,0.36810358214679306,3.3495539849393845,0.9607843137254902,0.9803921568627451,1.0,1.0080152667057494,0.00801526670574916,1.0,83.46434159129456,0.6636694704637478,82.80067212083081
IVON,housing,Boston Housing,13,repeated-holdout-v1,homoscedastic,success,,506,13,455,51,20260738,21260738,20302028,20302038,20302048,20302058,0.1,100,35,true,0.14542698860168457,0.029005050659179688,0.000782012939453125,0.17521405220031738,22.42747252747254,9.088859738774488,checkpoints/housing_split13_homoscedastic.jld2,-1.2544862249071895,1.2544862249071895,-3.4615356839492275,3.4615356839492275,0.8183308214813759,7.43769411799382,0.7254901960784313,0.9607843137254902,0.9607843137254902,1.0044293194841376,0.0044293194841376225,1.0,82.97326579057474,0.3658944394588895,82.60737135111586
IVON,housing,Boston Housing,14,repeated-holdout-v1,homoscedastic,success,,506,13,455,51,20260739,21260739,20302128,20302138,20302148,20302158,0.1,100,115,true,0.2467031478881836,0.09499382972717285,0.0023441314697265625,0.344041109085083,22.51296703296705,9.169650848529226,checkpoints/housing_split14_homoscedastic.jld2,-1.1442938775361493,1.1442938775361493,-3.3601930876738813,3.3601930876738813,0.6686655823992695,6.131430022011281,0.7254901960784313,0.9607843137254902,1.0,1.0057852123304474,0.005785212330447313,1.0,84.56893178052344,0.4864350965906831,84.08249668393277
IVON,housing,Boston Housing,15,repeated-holdout-v1,homoscedastic,success,,506,13,455,51,20260740,21260740,20302228,20302238,20302248,20302258,0.1,100,365,true,0.6345458030700684,0.48287415504455566,0.0009849071502685547,1.1184048652648926,22.740000000000006,9.360335755866616,checkpoints/housing_split15_homoscedastic.jld2,-1.2431847487510392,1.2431847487510392,-3.4796659099504494,3.4796659099504494,0.8052735786811405,7.537631137502149,0.6666666666666666,0.8627450980392157,0.9803921568627451,1.0000765256383075,7.652563830769685e-5,1.0,87.62259032411596,0.006704861560916085,87.61588546255504
IVON,housing,Boston Housing,16,repeated-holdout-v1,homoscedastic,success,,506,13,455,51,20260741,21260741,20302328,20302338,20302348,20302358,0.1,100,495,false,0.7983942031860352,0.6274631023406982,0.0028989315032958984,1.4287562370300293,22.572527472527483,9.139545505984515,checkpoints/housing_split16_homoscedastic.jld2,-0.9940415833694476,0.9940415833694476,-3.2066522417768732,3.2066522417768732,0.38519606198597284,3.5205169578683844,0.9607843137254902,0.9803921568627451,1.0,1.0074979630164913,0.007497963016491232,1.0,84.15760659451706,0.6263145385553291,83.53129205596174
IVON,housing,Boston Housing,17,repeated-holdout-v1,homoscedastic,success,,506,13,455,51,20260742,21260742,20302428,20302438,20302448,20302458,0.1,100,440,false,0.7801351547241211,1.0584640502929688,0.0018939971923828125,1.8404932022094727,22.380219780219793,9.083753951680656,checkpoints/housing_split17_homoscedastic.jld2,-1.1488937866587754,1.1488937866587754,-3.3553813246348456,3.3553813246348456,0.6752002006807318,6.133352292879423,0.8823529411764706,0.9607843137254902,0.9607843137254902,1.0054406305989443,0.005440630598944337,1.0,82.96351723533408,0.44893138066015853,82.51458585467394
IVON,housing,Boston Housing,18,repeated-holdout-v1,homoscedastic,success,,506,13,455,51,20260743,21260743,20302528,20302538,20302548,20302558,0.1,100,190,true,0.5984079837799072,0.28104591369628906,0.0012819766998291016,0.8807358741760254,22.520659340659357,9.17559079976133,checkpoints/housing_split18_homoscedastic.jld2,-1.4443130981226318,1.4443130981226318,-3.6608598823347265,3.6608598823347265,1.0250512421777513,9.405450692449874,0.5490196078431373,0.803921568627451,0.9215686274509803,1.0001854829467949,0.00018548294679481938,1.0,84.20708260597075,0.015616081305972212,84.19146652466478
IVON,housing,Boston Housing,19,repeated-holdout-v1,homoscedastic,success,,506,13,455,51,20260744,21260744,20302628,20302638,20302648,20302658,0.1,100,140,true,0.3407590389251709,0.14447689056396484,0.0009760856628417969,0.48621201515197754,22.533406593406603,9.075633279657605,checkpoints/housing_split19_homoscedastic.jld2,-0.9589679712832927,0.9589679712832927,-3.164561131881876,3.164561131881876,0.27286027161500503,2.4763798217482433,0.9607843137254902,1.0,1.0,1.0063682213364369,0.00636822133643691,1.0,82.89165147418345,0.5245320473547773,82.36711942682868
IVON,housing,Boston Housing,20,repeated-holdout-v1,homoscedastic,success,,506,13,455,51,20260745,21260745,20302728,20302738,20302748,20302758,0.1,100,330,true,0.6741039752960205,0.339648962020874,0.0007681846618652344,1.0145211219787598,22.73736263736265,9.39822656848204,checkpoints/housing_split20_homoscedastic.jld2,-0.9789682529295815,0.9789682529295815,-3.219489261479008,3.219489261479008,0.3432807007761465,3.2262297611438164,0.9607843137254902,1.0,1.0,1.0026402594623056,0.002640259462305766,1.0,88.5598679393111,0.23320530678940452,88.3266626325217
IVON,power,Power Plant,1,repeated-holdout-v1,homoscedastic,success,,9568,4,8611,957,20260726,21260726,20310828,20310838,20310848,20310858,0.1,100,495,false,22.474719047546387,13.84005093574524,0.006566047668457031,36.32133603096008,454.4567599581929,17.073857261584028,checkpoints/power_split01_homoscedastic.jld2,-0.9470716264213387,0.9470716264213387,-3.784620104987629,3.784620104987629,0.23645043928881437,4.0371210711040195,0.9947753396029259,0.9979101358411703,0.9989550679205852,1.000379699079818,0.0003796990798180604,1.0,291.6272903743967,0.11068858545095059,291.5166017889457
IVON,power,Power Plant,2,repeated-holdout-v1,homoscedastic,success,,9568,4,8611,957,20260727,21260727,20310928,20310938,20310948,20310958,0.1,100,485,false,21.28635287284851,13.970131158828735,0.0062029361724853516,35.26268696784973,454.4331587504357,17.11428166532537,checkpoints/power_split02_homoscedastic.jld2,-0.945041993215426,0.945041993215426,-3.7849552932577746,3.7849552932577746,0.2275620700353459,3.8945613776894272,0.9916405433646813,0.9989550679205852,1.0,1.0004431731533387,0.00044317315333870544,1.0,293.02844173262463,0.12980481253248585,292.89863692009214
IVON,power,Power Plant,3,repeated-holdout-v1,homoscedastic,success,,9568,4,8611,957,20260728,21260728,20311028,20311038,20311048,20311058,0.1,100,490,false,21.566842079162598,14.221127986907959,0.004899024963378906,35.792869091033936,454.4043316687956,17.083889691613283,checkpoints/power_split03_homoscedastic.jld2,-0.9460433055737363,0.9460433055737363,-3.784179201707789,3.784179201707789,0.23190915337283036,3.961910420902978,0.987460815047022,0.9989550679205852,1.0,1.0004473787361177,0.0004473787361176039,1.0,291.98985863415066,0.13057163894010232,291.8592869952102
IVON,power,Power Plant,4,repeated-holdout-v1,homoscedastic,success,,9568,4,8611,957,20260729,21260729,20311128,20311138,20311148,20311158,0.1,100,410,false,20.526026964187622,13.40747618675232,0.005391836166381836,33.93889498710632,454.2618476367431,17.08543182478189,checkpoints/power_split04_homoscedastic.jld2,-0.948735372609452,0.948735372609452,-3.7869615329396438,3.7869615329396438,0.24339383437071757,4.158488798237731,0.9885057471264368,0.9989550679205852,0.9989550679205852,1.0003820259565968,0.00038202595659684907,1.0,292.02349859291564,0.1115179536457979,291.9119806392699
IVON,power,Power Plant,5,repeated-holdout-v1,homoscedastic,success,,9568,4,8611,957,20260730,21260730,20311228,20311238,20311248,20311258,0.1,100,435,false,18.752930164337158,11.304646968841553,0.008951902389526367,30.066529035568237,454.2793299268373,17.000595949907037,checkpoints/power_split05_homoscedastic.jld2,-0.9441289799999495,0.9441289799999495,-3.777377379318607,3.777377379318607,0.2230643530081646,3.792226929198873,0.9958202716823407,0.9989550679205852,1.0,1.000651537795231,0.0006515377952310273,1.0,289.2085702767008,0.18830762470537363,289.0202626519956
IVON,power,Power Plant,6,repeated-holdout-v1,homoscedastic,success,,9568,4,8611,957,20260731,21260731,20311328,20311338,20311348,20311358,0.1,100,185,true,11.0987389087677,5.126035928726196,0.004835844039916992,16.229610681533813,454.32516432470135,17.03769556198857,checkpoints/power_split06_homoscedastic.jld2,-0.9520792019905552,0.9520792019905552,-3.7875074772738793,3.7875074772738793,0.25685558323657015,4.376227235589549,0.9905956112852664,0.9979101358411703,0.9979101358411703,1.0003290395015918,0.00032903950159207315,1.0,290.3785846596993,0.095514596694148,290.28307006300497
IVON,power,Power Plant,7,repeated-holdout-v1,homoscedastic,success,,9568,4,8611,957,20260732,21260732,20311428,20311438,20311448,20311458,0.1,100,480,false,21.648338079452515,14.853807926177979,0.0064470767974853516,36.50859308242798,454.2980234583667,17.096120988809847,checkpoints/power_split07_homoscedastic.jld2,-0.9433521420825922,0.9433521420825922,-3.782203737098838,3.782203737098838,0.21978477251470796,3.7574670518214375,0.9968652037617555,1.0,1.0,1.0005461189774363,0.0005461189774363038,1.0,292.43697107309856,0.15961820907389077,292.27735286402475
IVON,power,Power Plant,8,repeated-holdout-v1,homoscedastic,success,,9568,4,8611,957,20260733,21260733,20311528,20311538,20311548,20311558,0.1,100,485,false,21.53804111480713,14.57099199295044,0.007838010787963867,36.11687111854553,454.37528974567385,17.051115197305624,checkpoints/power_split08_homoscedastic.jld2,-0.948368077512545,0.948368077512545,-3.7845836865697016,3.7845836865697016,0.24166798671936296,4.120708684648346,0.987460815047022,0.9989550679205852,0.9989550679205852,1.0004815972696584,0.00048159726965830914,1.0,290.8805493169594,0.14001984517262375,290.7405294717865
IVON,power,Power Plant,9,repeated-holdout-v1,homoscedastic,success,,9568,4,8611,957,20260734,21260734,20311628,20311638,20311648,20311658,0.1,100,445,false,20.116848945617676,13.616222858428955,0.006462812423706055,33.73953461647034,454.4502833584952,17.11403747614893,checkpoints/power_split09_homoscedastic.jld2,-0.9450719369006677,0.9450719369006677,-3.784970968688975,3.784970968688975,0.22753561978160972,3.8940531193923555,0.9958202716823407,0.9989550679205852,1.0,1.0005193686934792,0.0005193686934792992,1.0,293.04239677642937,0.15211804139940036,292.8902787350303
IVON,power,Power Plant,10,repeated-holdout-v1,homoscedastic,success,,9568,4,8611,957,20260735,21260735,20311728,20311738,20311748,20311758,0.1,100,320,true,16.54202103614807,10.093657970428467,0.008445024490356445,26.644124031066895,454.4265857623973,17.075849144269256,checkpoints/power_split10_homoscedastic.jld2,-0.9450567694622609,0.9450567694622609,-3.7827219039472766,3.7827219039472766,0.227481648113956,3.8844422953908575,0.9895506792058516,0.9979101358411703,1.0,1.0005121608077023,0.000512160807702471,1.0,291.7339622143815,0.14933821654035562,291.58462399784156
IVON,power,Power Plant,11,repeated-holdout-v1,homoscedastic,success,,9568,4,8611,957,20260736,21260736,20311828,20311838,20311848,20311858,0.1,100,435,false,20.214637994766235,11.974082946777344,0.00623011589050293,32.19495105743408,454.4391476019044,17.072059873740095,checkpoints/power_split11_homoscedastic.jld2,-0.9431491765393519,0.9431491765393519,-3.78059237822358,3.78059237822358,0.21907777739878284,3.740108953618878,0.9947753396029259,1.0,1.0,1.0004473829732703,0.00044738297327036005,1.0,291.58562043919324,0.1303921066266153,291.45522833256643
IVON,power,Power Plant,12,repeated-holdout-v1,homoscedastic,success,,9568,4,8611,957,20260737,21260737,20311928,20311938,20311948,20311958,0.1,100,395,true,20.746567010879517,10.537766933441162,0.00706791877746582,31.291401863098145,454.48619672511904,17.10168305164509,checkpoints/power_split12_homoscedastic.jld2,-0.9452135799792584,0.9452135799792584,-3.7843904627173535,3.7843904627173535,0.22809395798666385,3.90079058366792,0.9958202716823407,0.9989550679205852,1.0,1.0005510544302738,0.0005510544302737193,1.0,292.62872874533707,0.16116554641212652,292.46756319892506
IVON,power,Power Plant,13,repeated-holdout-v1,homoscedastic,success,,9568,4,8611,957,20260738,21260738,20312028,20312038,20312048,20312058,0.1,100,480,false,23.00887107849121,14.147202014923096,0.006309986114501953,37.16238307952881,454.373464173731,17.095156336518258,checkpoints/power_split13_homoscedastic.jld2,-0.9500824305700133,0.9500824305700133,-3.7888775987799326,3.7888775987799326,0.248654062587345,4.2507800606825095,0.9853709508881923,0.9968652037617555,0.9989550679205852,1.0004869010964688,0.0004869010964685039,1.0,292.3866642742728,0.1422941042725206,292.24437016999985
IVON,power,Power Plant,14,repeated-holdout-v1,homoscedastic,success,,9568,4,8611,957,20260739,21260739,20312128,20312138,20312148,20312158,0.1,100,335,true,18.574382781982422,8.922395944595337,0.01083683967590332,27.507615566253662,454.44440250841956,17.042068747009665,checkpoints/power_split14_homoscedastic.jld2,-0.9438597983643984,0.9438597983643984,-3.779544717737479,3.779544717737479,0.2217359223788552,3.77883883072422,0.9895506792058516,1.0,1.0,1.0007103211169839,0.0007103211169836681,1.0,290.638407236582,0.20630005877845775,290.4321071778031
IVON,power,Power Plant,15,repeated-holdout-v1,homoscedastic,success,,9568,4,8611,957,20260740,21260740,20312228,20312238,20312248,20312258,0.1,100,500,false,23.07406210899353,14.617601871490479,0.008714914321899414,37.70037889480591,454.41876785506867,17.111427624080306,checkpoints/power_split15_homoscedastic.jld2,-0.9465080730388652,0.9465080730388652,-3.786254595456385,3.786254595456385,0.23330230969355545,3.9921355898851183,0.987460815047022,0.9979101358411703,1.0,1.000748433995714,0.0007484339957138392,1.0,293.0200975230882,0.21914218894955875,292.80095533413873
IVON,power,Power Plant,16,repeated-holdout-v1,homoscedastic,success,,9568,4,8611,957,20260741,21260741,20312328,20312338,20312348,20312358,0.1,100,455,false,20.79982590675354,13.295969009399414,0.009797096252441406,34.105592012405396,454.27758796887656,17.05328867368211,checkpoints/power_split16_homoscedastic.jld2,-0.9461362083398059,0.9461362083398059,-3.7824792775565155,3.7824792775565155,0.23215543286233342,3.95901362144537,0.9905956112852664,0.9989550679205852,1.0,1.000529880698426,0.0005298806984261764,1.0,290.9687516602202,0.15409707228562197,290.81465458793497
IVON,power,Power Plant,17,repeated-holdout-v1,homoscedastic,success,,9568,4,8611,957,20260742,21260742,20312428,20312438,20312448,20312458,0.1,100,435,false,20.87451982498169,13.52151107788086,0.004015922546386719,34.400046825408936,454.43801184531407,17.10747404553563,checkpoints/power_split17_homoscedastic.jld2,-0.9470489033851025,0.9470489033851025,-3.786564350088945,3.786564350088945,0.23637804991278508,4.043831364676479,0.9895506792058516,0.9989550679205852,1.0,1.0003646096850414,0.0003646096850413021,1.0,292.77237695578685,0.10670873711161334,292.66566821867525
IVON,power,Power Plant,18,repeated-holdout-v1,homoscedastic,success,,9568,4,8611,957,20260743,21260743,20312528,20312538,20312548,20312558,0.1,100,495,false,20.962568998336792,14.432687997817993,0.004963874816894531,35.40022087097168,454.26409243990247,17.05631636361589,checkpoints/power_split18_homoscedastic.jld2,-0.950235612651125,0.950235612651125,-3.786756208985983,3.786756208985983,0.24927823805477325,4.251768512429842,0.9885057471264368,0.9979101358411703,0.9989550679205852,1.000486238377417,0.0004862383774165125,1.0,291.05938335697255,0.141455461221404,290.9179278957508
IVON,power,Power Plant,19,repeated-holdout-v1,homoscedastic,success,,9568,4,8611,957,20260744,21260744,20312628,20312638,20312648,20312658,0.1,100,495,false,19.993438959121704,15.226639032363892,0.006921052932739258,35.226999044418335,454.28139588897903,17.05638934039599,checkpoints/power_split19_homoscedastic.jld2,-0.946563161420776,0.946563161420776,-3.78308803632449,3.78308803632449,0.2338734935488234,3.989037346458694,0.9916405433646813,1.0,1.0,1.000583122823549,0.0005831228235493119,1.0,291.09005966635635,0.1696423351822984,290.9204173311736
IVON,power,Power Plant,20,repeated-holdout-v1,homoscedastic,success,,9568,4,8611,957,20260745,21260745,20312728,20312738,20312748,20312758,0.1,100,435,false,22.049268007278442,13.582967042922974,0.00701594352722168,35.63925099372864,454.32861804668374,17.071932391538823,checkpoints/power_split20_homoscedastic.jld2,-0.9417096925202453,0.9417096925202453,-3.7791454268760907,3.7791454268760907,0.21216635536553277,3.622089679742384,0.9958202716823407,1.0,1.0,1.0005511169339654,0.0005511169339653992,1.0,291.6114990942245,0.16062351295188193,291.45087558127295
IVON,wine,Wine,1,repeated-holdout-v1,homoscedastic,success,,1599,11,1439,160,20260726,21260726,20320828,20320838,20320848,20320858,0.1,100,55,true,0.6635980606079102,0.17521882057189941,0.0013921260833740234,0.8402090072631836,5.644892286309937,0.8108873032490439,checkpoints/wine_split01_homoscedastic.jld2,-1.2335379278708145,1.2335379278708145,-1.0239117331127647,1.0239117331127647,0.7928135696345503,0.6428824524841129,0.66875,0.90625,0.975,1.0017186973413534,0.0017186973413532542,1.0,0.6586683277586023,0.0011301091880952852,0.657538218570507
IVON,wine,Wine,2,repeated-holdout-v1,homoscedastic,success,,1599,11,1439,160,20260727,21260727,20320928,20320938,20320948,20320958,0.1,100,110,true,0.835960865020752,0.503493070602417,0.001878976821899414,1.3413329124450684,5.63724808895066,0.8070635238901888,checkpoints/wine_split02_homoscedastic.jld2,-1.2441077651634427,1.2441077651634427,-1.0297548674501933,1.0297548674501933,0.8054213949712173,0.6500262245905165,0.6875,0.89375,0.96875,1.006879520155795,0.006879520155794627,1.0,0.6558325175841581,0.004480985990108962,0.6513515315940488
IVON,wine,Wine,3,repeated-holdout-v1,homoscedastic,success,,1599,11,1439,160,20260728,21260728,20321028,20321038,20321048,20321058,0.1,100,50,true,0.5768229961395264,0.15614008903503418,0.0013899803161621094,0.7343530654907227,5.643502432244614,0.8111345904850982,checkpoints/wine_split03_homoscedastic.jld2,-1.1812175736242472,1.1812175736242472,-0.9718962911968206,0.9718962911968206,0.7240207027384149,0.5872782321868385,0.66875,0.925,0.9875,1.0009658393079284,0.0009658393079281979,1.0,0.6585747875426643,0.0006354636612363848,0.6579393238814275
IVON,wine,Wine,4,repeated-holdout-v1,homoscedastic,success,,1599,11,1439,160,20260729,21260729,20321128,20321138,20321148,20321158,0.1,100,35,true,0.5604879856109619,0.14554214477539062,0.0018630027770996094,0.7078931331634521,5.637943015983322,0.810384750105759,checkpoints/wine_split04_homoscedastic.jld2,-1.2476836154075985,1.2476836154075985,-1.037437471445662,1.037437471445662,0.8105116012238219,0.6568262356825899,0.66875,0.89375,0.9625,1.00174686397837,0.0017468639783700748,1.0,0.6578706497306579,0.0011472065266841872,0.6567234432039735
IVON,wine,Wine,5,repeated-holdout-v1,homoscedastic,success,,1599,11,1439,160,20260730,21260730,20321228,20321238,20321248,20321258,0.1,100,155,true,1.1643788814544678,0.7189788818359375,0.004434108734130859,1.8877918720245361,5.636553161917998,0.8011280744755312,checkpoints/wine_split05_homoscedastic.jld2,-1.3014888129479585,1.3014888129479585,-1.0797543614805,1.0797543614805,0.8746485547396982,0.7007055106904304,0.6125,0.85625,0.95,1.0009216517403703,0.0009216517403703424,1.0,0.6423977135064448,0.0005915217935726304,0.6418061917128723
IVON,wine,Wine,6,repeated-holdout-v1,homoscedastic,success,,1599,11,1439,160,20260731,21260731,20321328,20321338,20321348,20321358,0.1,100,185,true,1.2674260139465332,0.869455099105835,0.0018770694732666016,2.1387581825256348,5.624739402362752,0.8142332917906816,checkpoints/wine_split06_homoscedastic.jld2,-1.2684800173798987,1.2684800173798987,-1.0629716625900334,1.0629716625900334,0.8436837955011514,0.6869554254698301,0.6375,0.9125,0.98125,1.0042252009397932,0.004225200939793351,1.0,0.6657770596593899,0.002801206199100713,0.6629758534602899
IVON,wine,Wine,7,repeated-holdout-v1,homoscedastic,success,,1599,11,1439,160,20260732,21260732,20321428,20321438,20321448,20321458,0.1,100,55,true,0.707535982131958,0.1747579574584961,0.0013909339904785156,0.8836848735809326,5.630298818624045,0.8021697677153177,checkpoints/wine_split07_homoscedastic.jld2,-1.305452414799349,1.305452414799349,-1.085017401725622,1.085017401725622,0.87913807702296,0.7052180019672756,0.6125,0.86875,0.975,1.0009501094376834,0.0009501094376831844,1.0,0.6440877091764308,0.0006113729399840462,0.6434763362364466
IVON,wine,Wine,8,repeated-holdout-v1,homoscedastic,success,,1599,11,1439,160,20260733,21260733,20321528,20321538,20321548,20321558,0.1,100,100,true,0.8587691783905029,0.5052449703216553,0.0018770694732666016,1.3658912181854248,5.638637943015984,0.8102660710893019,checkpoints/wine_split08_homoscedastic.jld2,-1.1976512080244652,1.1976512080244652,-0.9872586055964394,0.9872586055964394,0.7464572084020942,0.6048289455538309,0.65625,0.9125,0.9875,1.0007100579291173,0.0007100579291173621,1.0,0.6569972810759916,0.00046617511749801933,0.6565311059584936
IVON,wine,Wine,9,repeated-holdout-v1,homoscedastic,success,,1599,11,1439,160,20260734,21260734,20321628,20321638,20321648,20321658,0.1,100,55,true,0.5204989910125732,0.17223477363586426,0.0013918876647949219,0.6941256523132324,5.62404447533009,0.8048911938291652,checkpoints/wine_split09_homoscedastic.jld2,-1.2773890056707529,1.2773890056707529,-1.0603408320267087,1.0603408320267087,0.8465056393329207,0.6813449353038612,0.5625,0.875,0.99375,1.0022405463053738,0.002240546305374058,1.0,0.6493013714555289,0.0014515375517902196,0.6478498339037384
IVON,wine,Wine,10,repeated-holdout-v1,homoscedastic,success,,1599,11,1439,160,20260735,21260735,20321728,20321738,20321748,20321758,0.1,100,270,true,1.7571990489959717,1.3139119148254395,0.001931905746459961,3.073042869567871,5.636553161917998,0.8114776883701782,checkpoints/wine_split10_homoscedastic.jld2,-1.2695525862498855,1.2695525862498855,-1.0606541995377994,1.0606541995377994,0.8367669708291148,0.6790177290633387,0.60625,0.89375,0.975,1.0024102598924343,0.002410259892434289,1.0,0.6600831853140678,0.0015871465914599585,0.6584960387226075
IVON,wine,Wine,11,repeated-holdout-v1,homoscedastic,success,,1599,11,1439,160,20260736,21260736,20321828,20321838,20321848,20321858,0.1,100,140,true,1.0353620052337646,0.6403751373291016,0.0018620491027832031,1.6775991916656494,5.642807505211953,0.8121140605498719,checkpoints/wine_split11_homoscedastic.jld2,-1.2402109411022026,1.2402109411022026,-1.0320964610744232,1.0320964610744232,0.8015703239314006,0.6509665363675807,0.58125,0.89375,0.975,1.0020512537541815,0.0020512537541812095,1.0,0.6608821091874051,0.0013528618446042276,0.6595292473428012
IVON,wine,Wine,12,repeated-holdout-v1,homoscedastic,success,,1599,11,1439,160,20260737,21260737,20321928,20321938,20321948,20321958,0.1,100,25,true,0.61273193359375,0.08480000495910645,0.001386880874633789,0.6989188194274902,5.639332870048645,0.8058434707022601,checkpoints/wine_split12_homoscedastic.jld2,-1.2491016851549754,1.2491016851549754,-1.033235924735173,1.033235924735173,0.8124636006763662,0.6547185017214744,0.6,0.9125,0.975,1.0016169372513928,0.001616937251393094,1.0,0.6504337119672671,0.001050012693802715,0.649383699273465
IVON,wine,Wine,13,repeated-holdout-v1,homoscedastic,success,,1599,11,1439,160,20260738,21260738,20322028,20322038,20322048,20322058,0.1,100,165,true,1.1582729816436768,0.8736839294433594,0.0014300346374511719,2.0333869457244873,5.634468380820014,0.8075316398213008,checkpoints/wine_split13_homoscedastic.jld2,-1.2092641964485384,1.2092641964485384,-0.9954911542368406,0.9954911542368406,0.7621449776076302,0.6154561727961719,0.725,0.90625,0.975,1.000901977604173,0.0009019776041727722,1.0,0.6526955355370754,0.0005881862245963267,0.6521073493124787
IVON,wine,Wine,14,repeated-holdout-v1,homoscedastic,success,,1599,11,1439,160,20260739,21260739,20322128,20322138,20322148,20322158,0.1,100,25,true,0.47100281715393066,0.0800180435180664,0.001399993896484375,0.5524208545684814,5.62404447533009,0.8048911938291652,checkpoints/wine_split14_homoscedastic.jld2,-1.2775271416114315,1.2775271416114315,-1.0604789679673874,1.0604789679673874,0.8468585618393585,0.6816289987058194,0.56875,0.8875,0.96875,1.0010595175177306,0.0010595175177306095,1.0,0.6485362421516184,0.0006864082478798772,0.6478498339037384
IVON,wine,Wine,15,repeated-holdout-v1,homoscedastic,success,,1599,11,1439,160,20260740,21260740,20322228,20322238,20322248,20322258,0.1,100,55,true,0.6592109203338623,0.22940683364868164,0.0018608570098876953,0.8904786109924316,5.633078526754691,0.8103406202401453,checkpoints/wine_split15_homoscedastic.jld2,-1.194072938252948,1.194072938252948,-0.9837723373590326,0.9837723373590326,0.7412648315421794,0.6006770034905546,0.675,0.9125,0.9875,1.0016215646069697,0.0016215646069697022,1.0,0.6577167243250694,0.0010648035138860865,0.6566519208111836
IVON,wine,Wine,16,repeated-holdout-v1,homoscedastic,success,,1599,11,1439,160,20260741,21260741,20322328,20322338,20322348,20322358,0.1,100,50,true,0.6528749465942383,0.15564894676208496,0.0013971328735351562,0.8099210262298584,5.64141765114663,0.8046161620819579,checkpoints/wine_split16_homoscedastic.jld2,-1.2796023419384928,1.2796023419384928,-1.0622124093719134,1.0622124093719134,0.8492844043857576,0.6833479433509165,0.63125,0.88125,0.9625,1.001402278613369,0.0014022786133690026,1.0,0.6483150135097253,0.0009078452262257383,0.6474071682834989
IVON,wine,Wine,17,repeated-holdout-v1,homoscedastic,success,,1599,11,1439,160,20260742,21260742,20322428,20322438,20322448,20322458,0.1,100,95,true,0.7795391082763672,0.45089006423950195,0.004464864730834961,1.234894037246704,5.643502432244614,0.8076979890682215,checkpoints/wine_split17_homoscedastic.jld2,-1.2763951234200386,1.2763951234200386,-1.0628280571817053,1.0628280571817053,0.8464325591401457,0.6836618842637385,0.65625,0.90625,0.975,1.0030645922634214,0.003064592263421478,1.0,0.6543753081146088,0.001999266569759873,0.6523760415448494
IVON,wine,Wine,18,repeated-holdout-v1,homoscedastic,success,,1599,11,1439,160,20260743,21260743,20322528,20322538,20322548,20322558,0.1,100,30,true,0.5258798599243164,0.09365105628967285,0.0014259815216064453,0.6209568977355957,5.628214037526059,0.8094085608714411,checkpoints/wine_split18_homoscedastic.jld2,-1.2997045662887792,1.2997045662887792,-1.0882530965042363,1.0882530965042363,0.8733066222203091,0.7068618573647072,0.6,0.9,0.975,1.0013997290887835,0.0013997290887832832,1.0,0.6560592400323787,0.0009170216204012558,0.6551422184119777
IVON,wine,Wine,19,repeated-holdout-v1,homoscedastic,success,,1599,11,1439,160,20260744,21260744,20322628,20322638,20322648,20322658,0.1,100,170,true,1.2100470066070557,0.7600400447845459,0.0013911724090576172,1.9714782238006592,5.637943015983322,0.8060827130532267,checkpoints/wine_split19_homoscedastic.jld2,-1.302192747557223,1.302192747557223,-1.0866238274706,1.0866238274706,0.8753798222108156,0.7056285448787413,0.625,0.85625,0.95625,1.0028996959108523,0.00289969591085214,1.0,0.651653473782267,0.0018841334990164344,0.6497693402832511
IVON,wine,Wine,20,repeated-holdout-v1,homoscedastic,success,,1599,11,1439,160,20260745,21260745,20322728,20322738,20322748,20322758,0.1,100,150,true,1.154283046722412,0.7144179344177246,0.0013930797576904297,1.8700940608978271,5.628908964558721,0.8067161524833827,checkpoints/wine_split20_homoscedastic.jld2,-1.2703263353343819,1.2703263353343819,-1.0555429310070552,1.0555429310070552,0.8382753751614672,0.6762502900842483,0.6,0.8625,0.975,1.001295170969086,0.0012951709690859022,1.0,0.6516338362238537,0.0008428855462614331,0.6507909506775921
